complexity,loc,lang_type,maint_type,skill,age,interdependence,team_size,exp,def_density,def_severity,churn,change_req,test_cov,doc_quality,cost
36,16395,c#,adaptive,4,2,low,2,senior,9.84,low,62.49,39,73.08,10,6728.44
1,1460,dart,adaptive,7,6,low,7,expert,7.36,low,9.66,96,77.7,5,827.14
8,38758,java,adaptive,1,3,high,4,senior,7.74,high,95.18,56,85.88,2,15556.76
52,45332,java,adaptive,7,4,high,2,junior,6.56,low,79.08,57,79.77,4,18177.17
79,11884,java,adaptive,8,3,high,6,expert,4.72,low,37.39,90,84.81,1,4980.82
47,6865,javascript,adaptive,5,0,high,9,junior,5.72,low,56.28,98,81.77,6,2984.56
56,17450,php,adaptive,2,5,low,9,junior,0.46,high,4.73,15,89.59,2,7144.62
14,37794,java,adaptive,5,6,medium,8,senior,6.24,low,4.12,27,88.24,0,15169.22
28,22562,php,adaptive,6,3,medium,3,senior,6.26,medium,25.08,97,81.37,7,9178.73
78,47791,javascript,perfective,2,1,medium,3,junior,8.91,low,68.97,0,87.16,7,19141.06
2,44731,c#,corrective,6,5,medium,2,senior,5.06,medium,85.21,40,94.94,2,17907.28
26,16623,c#,perfective,6,7,medium,5,senior,0.77,high,55.92,47,77.29,6,6815.96
14,41690,java,perfective,1,7,medium,4,senior,3.06,medium,53.21,30,76.51,8,16711.41
59,2285,javascript,corrective,1,1,medium,7,expert,6.56,high,40.23,35,90.57,7,1158.04
56,1369,javascript,adaptive,10,4,low,4,senior,2.39,high,16.16,32,83.3,2,796.17
7,3033,python,adaptive,3,5,medium,9,junior,2.81,medium,11.84,32,62.84,1,1435.57
3,5911,javascript,corrective,10,3,medium,2,junior,8.2,high,76.07,81,95.68,9,2577.52
23,38419,python,corrective,10,5,medium,6,expert,5.84,high,92.75,22,61.23,6,15424.37
18,39788,javascript,corrective,3,4,low,7,junior,5.09,high,45.83,59,89.94,6,15967.92
38,18168,javascript,corrective,4,2,high,4,senior,3.18,medium,65.94,86,90.35,8,7441.17
15,20369,javascript,perfective,2,6,low,6,senior,7.31,medium,91.45,78,98.12,4,8296.37
64,29293,c#,corrective,9,1,medium,7,senior,2.88,medium,9.01,89,62.17,3,11858.59
28,6996,python,perfective,10,4,high,4,junior,7.37,high,77.05,29,83.87,7,3004.85
74,28080,c#,adaptive,7,2,medium,8,senior,0.7,low,61.68,88,77.11,3,11380.09
39,42034,java,perfective,7,5,low,9,senior,8.65,low,59.86,44,73.23,3,16865.21
57,26258,java,adaptive,6,5,medium,1,expert,5.0,medium,29.25,79,63.61,1,10652.63
17,19542,php,corrective,3,4,medium,7,junior,4.39,low,68.39,38,82.51,0,7962.17
44,19031,python,adaptive,6,3,high,9,senior,6.11,medium,79.48,44,79.16,3,7775.24
25,3347,javascript,corrective,8,5,high,5,senior,6.24,low,11.29,77,64.18,6,1581.32
17,789,javascript,adaptive,8,3,medium,2,senior,1.32,medium,53.35,80,84.5,8,562.4
13,19718,java,preventive,9,3,medium,6,senior,7.56,high,10.13,11,89.52,8,8018.36
25,36373,java,corrective,1,6,low,7,junior,2.76,medium,87.26,92,90.69,9,14631.39
68,2499,java,corrective,1,3,low,2,junior,9.05,high,50.76,31,96.21,0,1245.39
10,1867,php,perfective,3,0,medium,2,senior,8.18,low,80.8,55,76.38,4,979.77
67,32151,javascript,perfective,3,6,medium,1,senior,3.46,low,36.81,23,98.12,6,12959.65
18,11994,java,adaptive,10,2,medium,4,senior,8.08,high,12.51,12,94.62,6,4967.58
34,4156,javascript,corrective,8,2,low,7,junior,3.56,high,4.15,19,71.86,9,1884.68
8,4490,c#,adaptive,10,5,low,9,junior,1.01,medium,28.15,78,66.37,5,2024.93
40,42206,python,corrective,1,5,medium,3,junior,9.62,high,24.42,55,77.42,10,16935.04
42,31340,javascript,perfective,2,3,low,7,junior,6.53,high,56.04,52,76.08,9,12641.2
41,15102,javascript,preventive,2,6,high,7,senior,4.56,high,2.17,67,83.03,3,6227.4
6,22377,typescript,perfective,3,6,low,7,expert,3.98,medium,52.06,53,83.34,2,9081.59
52,11227,java,perfective,6,0,medium,2,junior,3.25,low,39.18,33,90.0,8,4688.0
26,9392,java,corrective,1,3,high,6,senior,9.81,medium,57.71,27,80.4,9,3950.69
64,43923,java,perfective,2,0,low,2,junior,1.35,medium,70.24,49,64.19,3,17627.33
59,43621,c#,perfective,1,7,medium,6,senior,3.15,low,63.41,1,94.33,7,17482.66
56,9033,java,corrective,5,3,low,3,junior,4.85,high,98.46,93,72.39,0,3847.23
59,43601,javascript,perfective,7,1,medium,2,expert,4.78,low,13.83,25,98.85,6,17481.43
70,11616,php,corrective,8,1,medium,6,senior,4.71,medium,42.97,50,64.71,5,4862.12
33,24497,ruby,adaptive,10,4,medium,2,expert,1.76,medium,42.48,46,98.33,0,9926.78
53,3212,javascript,perfective,1,3,medium,5,expert,1.45,high,41.71,25,63.64,3,1525.41
22,24083,php,adaptive,7,6,high,2,senior,2.55,medium,66.38,83,69.24,4,9775.91
21,49155,javascript,corrective,5,5,low,3,senior,9.15,high,48.98,91,61.86,10,19687.39
70,17759,javascript,adaptive,10,2,low,3,junior,1.13,medium,51.74,83,88.2,7,7294.42
70,45574,python,adaptive,1,4,high,6,senior,7.57,high,43.24,74,94.01,3,18283.5
4,41594,dart,preventive,3,5,medium,6,expert,7.58,high,99.17,73,77.36,2,16683.07
75,15141,python,adaptive,7,1,high,3,junior,8.1,medium,92.76,60,97.14,1,6253.7
62,36520,java,corrective,10,3,medium,3,expert,8.87,high,30.77,22,83.61,3,14687.53
62,27131,python,perfective,1,4,high,1,senior,2.63,low,11.16,36,85.2,10,10979.88
24,2185,c#,adaptive,7,3,medium,7,expert,2.25,medium,83.98,40,93.82,9,1102.42
55,4543,java,adaptive,5,1,high,8,expert,4.66,low,99.72,51,71.87,3,2058.64
9,24539,python,adaptive,1,4,high,2,senior,2.65,low,29.26,82,74.17,9,9947.69
3,20057,python,perfective,1,1,medium,4,senior,7.34,high,35.78,81,96.24,4,8168.77
31,1621,python,adaptive,1,0,low,7,senior,6.36,low,94.16,48,96.04,6,885.32
40,12253,javascript,adaptive,9,1,low,8,expert,8.75,medium,71.11,26,99.06,8,5083.43
36,44173,c#,corrective,3,6,low,1,expert,0.83,medium,29.56,5,96.07,1,17691.7
24,14017,java,corrective,5,6,low,4,senior,9.15,medium,58.1,73,65.09,4,5796.53
6,41357,javascript,corrective,10,3,medium,6,senior,2.93,medium,94.42,65,92.95,10,16582.86
66,10292,c#,corrective,9,2,medium,3,senior,4.91,high,81.18,23,76.39,9,4325.03
75,46358,python,adaptive,6,1,medium,5,expert,4.39,low,74.18,37,99.63,8,18581.89
4,7473,java,perfective,9,5,medium,9,senior,7.6,medium,73.7,27,78.89,2,3183.32
79,6275,kotlin,adaptive,8,6,medium,3,expert,4.2,medium,17.8,27,82.15,0,2744.97
6,761,javascript,perfective,8,7,low,5,senior,9.44,medium,82.47,65,81.19,1,543.27
51,37665,java,preventive,1,2,low,8,junior,9.03,medium,27.61,60,72.87,5,15149.07
62,27157,javascript,perfective,9,0,low,6,senior,8.72,high,93.04,45,63.0,4,10999.21
57,34363,java,adaptive,6,4,medium,4,senior,0.71,medium,36.46,68,95.83,0,13844.82
66,33206,javascript,adaptive,9,4,low,8,junior,8.54,medium,85.77,74,92.11,0,13394.61
79,12134,python,adaptive,3,6,low,3,junior,7.82,low,26.62,73,65.58,10,5077.38
75,29727,python,corrective,3,2,medium,3,senior,1.04,medium,51.45,42,91.07,3,12013.61
8,40997,python,corrective,6,6,high,4,junior,1.07,high,10.69,58,85.03,3,16442.31
26,26451,typescript,preventive,9,4,low,9,senior,1.01,low,66.01,1,76.37,5,10685.89
51,1616,ruby,perfective,7,7,medium,5,senior,0.11,medium,83.61,14,70.16,5,888.37
45,24853,python,corrective,3,1,medium,8,expert,5.49,high,71.84,36,94.39,9,10069.52
44,24876,python,adaptive,3,2,high,6,senior,9.73,medium,52.33,70,88.01,5,10091.03
5,23847,ruby,perfective,2,3,high,3,expert,4.39,low,4.51,19,81.91,0,9651.98
70,24900,python,corrective,9,1,low,8,senior,5.41,medium,93.34,97,84.38,9,10121.61
26,9129,java,corrective,3,1,low,9,junior,9.68,low,70.55,34,63.64,8,3853.1
68,17862,kotlin,perfective,5,1,high,8,senior,2.55,high,74.59,33,78.96,10,7320.09
19,9868,java,adaptive,9,3,medium,4,senior,8.58,low,79.47,85,67.75,6,4157.3
20,21871,c#,corrective,8,7,medium,6,senior,5.46,high,74.77,30,68.34,6,8883.91
12,12785,dart,adaptive,2,0,medium,1,junior,5.69,medium,44.11,86,86.45,10,5302.05
47,21843,java,perfective,3,7,medium,4,senior,3.43,high,73.36,18,96.45,6,8875.19
1,39699,python,adaptive,2,7,high,8,junior,5.62,low,62.5,67,76.15,1,15931.28
14,9171,java,corrective,8,7,high,1,senior,0.73,medium,85.4,23,68.31,1,3860.52
64,40576,php,corrective,6,5,high,3,junior,7.65,medium,80.25,83,85.95,5,16309.85
38,38644,php,adaptive,6,6,low,1,senior,2.85,medium,4.14,38,94.85,6,15517.49
37,49816,php,adaptive,9,4,high,9,senior,8.88,medium,37.89,91,89.93,2,19950.82
11,49584,python,perfective,8,6,low,2,junior,3.68,high,3.47,53,94.75,3,19833.48
77,41374,php,corrective,4,2,low,9,senior,1.43,high,10.21,38,81.46,2,16618.7
3,3168,typescript,perfective,4,7,high,4,senior,6.96,low,60.14,16,90.08,6,1474.72
33,2627,c#,corrective,9,0,low,2,expert,1.65,low,87.38,18,65.6,6,1281.57
6,3295,typescript,corrective,1,2,low,4,expert,7.54,high,11.98,47,73.93,3,1540.44
50,48790,php,corrective,2,6,low,6,senior,9.68,low,45.11,34,75.58,6,19536.25
10,5858,c#,corrective,2,4,high,7,senior,7.8,high,91.09,31,80.45,4,2548.48
5,22602,javascript,adaptive,6,3,medium,3,senior,0.22,medium,81.43,46,97.16,0,9164.86
23,40104,java,adaptive,4,6,medium,3,senior,6.0,medium,51.97,46,94.97,9,16089.4
10,33759,python,corrective,10,1,low,8,junior,6.95,low,77.16,63,65.38,3,13588.99
44,14586,c#,adaptive,3,6,high,5,senior,8.25,low,52.27,45,66.91,6,6021.29
2,13266,java,corrective,3,1,high,4,senior,0.56,medium,15.81,34,74.31,1,5475.26
13,39260,php,perfective,3,3,medium,7,junior,4.8,high,12.47,93,71.63,1,15772.76
40,4161,dart,preventive,6,6,medium,7,senior,5.35,high,18.84,16,84.59,0,1886.95
2,27454,php,corrective,8,0,low,9,senior,1.69,low,35.09,41,96.11,1,11079.49
65,39552,python,adaptive,7,0,high,9,senior,3.22,low,93.05,28,98.49,9,15884.64
63,23262,java,corrective,4,2,medium,5,junior,4.4,low,79.97,69,86.14,7,9461.98
73,8992,python,corrective,4,3,high,8,senior,8.33,high,43.28,16,93.53,10,3808.15
17,31135,c#,corrective,10,7,medium,1,senior,9.29,low,49.31,80,81.01,7,12556.33
9,13667,php,perfective,2,0,high,9,senior,6.28,low,26.56,13,68.33,7,5630.89
75,48633,typescript,adaptive,1,6,high,8,senior,3.95,low,70.44,23,80.99,0,19482.25
15,24199,javascript,corrective,9,3,medium,6,senior,2.54,medium,80.28,56,82.2,0,9807.46
24,35822,typescript,perfective,2,4,high,3,expert,9.82,high,23.89,49,89.7,9,14399.8
38,12437,php,adaptive,8,1,medium,3,junior,9.83,medium,4.18,56,68.8,3,5172.65
35,14639,java,perfective,9,6,low,8,expert,9.25,low,62.39,100,74.73,5,6053.66
49,31418,php,adaptive,4,1,medium,5,senior,7.86,medium,56.25,60,74.56,7,12678.55
69,19715,java,adaptive,8,1,high,7,junior,3.26,medium,40.21,38,98.38,1,8051.28
62,11565,java,corrective,9,7,medium,5,senior,8.17,low,64.39,54,77.76,2,4836.82
60,25138,c#,corrective,10,3,low,8,junior,4.09,low,55.06,95,90.2,5,10209.54
50,43130,java,preventive,10,3,medium,4,junior,3.27,medium,25.06,35,90.03,9,17295.79
78,5656,c#,corrective,5,2,medium,2,senior,7.45,low,39.77,36,70.62,3,2504.97
75,33082,c#,preventive,7,1,medium,3,senior,0.8,low,42.81,13,82.87,1,13332.62
9,48316,javascript,adaptive,10,2,medium,8,expert,0.49,medium,88.02,26,95.77,6,19322.16
34,8710,java,corrective,4,7,high,7,senior,4.48,high,96.09,82,79.01,3,3703.62
76,14373,javascript,corrective,1,1,low,2,junior,4.46,medium,89.3,30,97.8,7,5940.06
35,27866,javascript,corrective,3,2,medium,6,senior,8.96,medium,71.92,72,68.58,7,11273.35
1,18012,javascript,preventive,5,2,low,9,senior,1.26,medium,58.5,80,62.97,6,7366.88
40,33870,javascript,adaptive,3,4,low,4,expert,1.23,medium,68.93,82,95.66,9,13644.97
64,7510,python,corrective,7,2,high,9,expert,1.47,low,93.91,43,93.91,8,3226.95
22,46053,javascript,corrective,9,3,high,2,expert,0.3,high,25.0,67,99.7,3,18446.48
60,26046,python,corrective,6,2,medium,2,senior,0.72,low,53.51,47,87.18,6,10553.77
64,806,c#,adaptive,10,1,high,9,senior,6.6,medium,68.96,56,97.47,9,580.59
72,22118,php,corrective,1,2,high,7,junior,4.32,high,67.92,74,93.08,9,9013.76
11,22961,javascript,perfective,7,0,high,7,expert,7.64,medium,25.23,21,93.78,0,9302.49
14,24019,javascript,corrective,3,5,low,1,junior,9.93,high,58.67,3,82.77,3,9718.48
60,49302,kotlin,corrective,5,1,high,6,junior,6.59,medium,79.59,80,75.29,1,19758.74
30,42123,php,adaptive,10,0,medium,7,junior,0.5,high,47.51,71,97.38,8,16898.13
35,45751,typescript,adaptive,4,7,medium,6,senior,1.05,high,79.33,45,77.28,4,18331.49
37,23003,php,preventive,10,1,low,6,senior,8.81,high,35.99,58,81.55,2,9345.7
5,18741,python,adaptive,5,3,medium,2,senior,5.27,high,93.88,33,77.84,3,7638.97
78,15420,python,corrective,5,5,low,6,expert,8.25,high,53.39,10,82.59,5,6352.39
26,40942,javascript,adaptive,6,5,low,4,expert,8.57,high,59.59,30,78.82,9,16420.78
62,6974,java,corrective,10,3,medium,9,senior,9.28,medium,3.14,10,61.92,0,3012.58
4,2278,javascript,corrective,10,5,high,1,junior,9.5,low,17.03,55,95.28,6,1134.55
42,34427,java,preventive,6,3,high,8,expert,5.55,medium,63.29,37,77.78,7,13856.37
18,16798,javascript,perfective,8,0,medium,5,expert,3.41,high,41.99,20,83.56,6,6871.31
40,10514,ruby,preventive,8,7,high,1,senior,9.62,high,50.82,93,65.57,6,4425.61
72,28490,ruby,adaptive,9,4,high,4,senior,5.47,high,6.3,9,60.14,8,11519.43
39,22899,javascript,adaptive,8,1,high,1,junior,0.64,high,83.41,25,69.81,3,9297.74
14,44185,php,corrective,2,3,low,6,expert,6.43,low,78.45,90,88.18,6,17713.97
32,44289,javascript,corrective,10,1,medium,2,senior,5.88,low,18.54,7,63.97,8,17742.79
51,43157,php,perfective,1,7,high,5,senior,8.96,medium,63.43,7,96.36,4,17297.38
38,49680,python,corrective,10,0,medium,7,junior,6.53,low,81.83,59,68.6,1,19892.64
23,44620,kotlin,perfective,2,4,medium,2,expert,3.49,medium,64.09,71,68.18,4,17889.2
63,3293,c#,perfective,2,7,medium,6,senior,9.66,high,31.04,33,67.26,3,1563.83
15,30067,java,corrective,3,0,medium,6,junior,8.02,high,65.61,15,60.56,7,12117.59
25,30323,python,adaptive,10,5,medium,5,senior,6.3,medium,21.05,12,90.87,4,12215.85
17,47299,javascript,adaptive,7,1,low,5,senior,2.93,low,31.83,86,95.0,8,18942.86
66,4227,python,corrective,2,6,medium,3,senior,3.74,medium,24.01,75,84.57,8,1942.76
78,26539,python,perfective,1,4,high,2,senior,6.7,medium,55.69,90,67.53,2,10776.03
53,49525,c#,adaptive,6,5,high,7,senior,0.72,medium,10.82,21,71.41,9,19824.55
51,43541,javascript,corrective,9,7,low,1,expert,2.57,low,93.33,95,79.04,5,17480.91
39,22434,c#,adaptive,3,4,high,6,junior,7.14,medium,33.35,26,98.17,5,9107.24
51,18647,typescript,preventive,6,5,medium,6,junior,4.8,low,21.9,63,69.89,3,7635.0
70,26705,javascript,corrective,3,0,medium,3,junior,4.02,high,49.65,1,89.27,10,10803.29
6,10830,javascript,perfective,1,3,high,2,senior,1.51,low,27.7,96,77.58,9,4532.0
67,16307,python,corrective,5,1,high,2,senior,4.42,low,53.49,25,71.91,2,6705.47
7,22576,ruby,perfective,10,2,high,9,expert,7.71,low,34.85,91,78.24,0,9174.25
51,44862,java,perfective,4,2,medium,5,senior,2.64,medium,13.21,82,62.85,6,18002.55
72,24376,dart,corrective,7,0,high,7,senior,0.05,medium,26.59,68,91.95,4,9905.29
42,30680,php,corrective,6,7,low,5,expert,6.69,high,43.84,96,69.73,9,12395.78
64,1906,javascript,perfective,10,1,high,7,junior,9.73,medium,3.03,83,89.02,6,1026.33
15,7376,python,adaptive,7,7,high,4,expert,6.07,medium,77.06,29,62.73,0,3154.98
29,27851,php,perfective,5,1,medium,8,senior,1.2,medium,62.18,7,98.2,7,11237.0
33,10074,php,corrective,4,0,low,7,senior,3.21,medium,60.14,37,67.72,2,4230.81
27,40894,python,perfective,7,1,high,5,senior,8.68,low,54.6,60,95.31,6,16408.33
36,22559,java,perfective,7,3,low,6,senior,2.33,medium,59.03,80,92.38,2,9174.14
29,6130,php,preventive,6,7,low,5,junior,6.08,high,93.47,64,98.71,2,2671.41
38,29920,python,corrective,8,0,high,7,senior,4.03,high,0.86,66,79.12,9,12081.82
57,4348,typescript,adaptive,4,3,medium,2,senior,2.08,high,4.78,45,89.1,8,1975.76
27,32568,javascript,adaptive,10,1,high,5,expert,8.13,low,19.15,89,74.83,1,13132.66
55,33162,python,corrective,5,0,medium,3,senior,7.43,low,16.73,94,67.37,3,13383.72
33,14145,php,adaptive,4,1,low,9,expert,6.62,high,18.12,71,77.72,5,5847.6
68,1263,java,corrective,1,7,high,6,senior,2.36,low,67.19,42,66.63,2,767.09
66,35366,javascript,perfective,8,0,medium,3,senior,0.98,low,45.95,58,99.28,9,14240.08
10,8594,python,adaptive,1,1,low,7,senior,5.76,low,99.18,45,63.85,9,3637.34
5,28621,python,corrective,5,7,high,4,senior,5.54,medium,22.69,71,83.57,6,11553.79
74,30903,c#,adaptive,6,3,medium,3,expert,1.88,low,31.08,34,85.06,6,12476.32
38,3904,javascript,adaptive,6,6,medium,8,senior,0.56,medium,98.42,38,81.52,4,1791.49
13,47176,javascript,corrective,5,3,medium,4,senior,0.81,medium,83.18,91,86.49,2,18896.91
31,39953,php,preventive,3,1,high,1,junior,9.93,high,46.98,50,64.65,1,16043.24
47,18275,c#,preventive,5,0,high,6,senior,7.84,low,55.46,3,82.2,3,7464.2
52,45017,python,adaptive,8,2,high,1,junior,9.22,medium,84.32,79,71.49,3,18061.75
56,24538,java,corrective,2,3,low,5,senior,1.95,medium,48.1,76,97.61,10,9961.97
15,24264,typescript,perfective,6,3,high,7,junior,9.61,medium,20.6,83,90.48,7,9838.61
29,2236,php,adaptive,9,7,medium,6,junior,1.43,medium,82.84,50,98.9,7,1127.22
8,20680,javascript,corrective,8,5,medium,2,junior,5.09,high,53.78,4,61.5,4,8401.24
5,28328,java,adaptive,8,2,medium,4,junior,8.3,low,15.3,54,71.41,5,11435.66
29,27336,java,adaptive,8,1,high,2,senior,3.5,high,50.56,100,67.82,7,11070.08
47,29273,ruby,adaptive,7,6,high,1,expert,4.25,medium,41.32,19,60.45,0,11821.37
68,38105,php,adaptive,8,0,low,3,senior,1.28,low,87.68,23,69.69,4,15320.24
76,47923,c#,adaptive,6,5,medium,3,senior,1.23,high,12.61,35,87.15,3,19203.98
45,47245,php,preventive,2,1,high,7,senior,6.2,medium,87.52,33,69.24,3,18924.94
2,1454,php,corrective,2,4,low,1,junior,6.76,low,51.22,53,80.36,10,810.23
27,25148,python,perfective,8,6,high,9,expert,7.77,low,40.44,33,95.51,1,10177.62
36,39223,javascript,perfective,1,3,medium,6,junior,5.57,low,16.2,82,87.75,9,15760.48
36,7992,python,adaptive,6,4,medium,4,senior,6.46,medium,70.08,16,75.79,0,3401.18
26,47317,java,adaptive,6,3,low,3,senior,0.14,low,92.68,4,74.9,5,18933.56
43,22156,php,adaptive,4,3,low,3,junior,1.62,low,37.54,88,78.23,6,9023.44
27,39159,javascript,adaptive,10,4,high,2,senior,9.85,low,24.16,17,67.08,4,15716.06
69,26909,javascript,perfective,3,6,low,2,senior,0.76,high,55.49,54,85.36,7,10901.59
20,22519,python,adaptive,3,7,high,5,senior,6.79,high,79.62,52,74.57,8,9145.17
11,5531,java,preventive,1,4,medium,9,senior,1.76,high,0.38,49,94.09,10,2421.23
74,33570,java,corrective,3,1,low,2,junior,7.17,low,63.14,71,90.26,10,13540.17
38,44815,java,corrective,4,5,low,2,senior,7.06,high,59.65,90,84.42,1,17976.01
6,13288,c#,adaptive,5,5,medium,6,junior,2.34,medium,31.82,78,74.57,10,5498.28
72,25942,java,corrective,3,4,high,2,senior,2.7,high,45.14,44,68.4,3,10522.34
23,37757,c#,corrective,6,1,medium,4,junior,6.55,medium,24.7,12,91.05,10,15151.88
47,2927,python,corrective,5,7,medium,6,senior,3.9,medium,78.99,15,79.46,8,1402.23
46,41372,python,corrective,3,5,medium,5,senior,1.95,high,63.45,85,68.99,4,16620.71
12,41145,java,corrective,6,1,medium,1,senior,7.32,low,53.27,83,67.81,2,16514.84
13,797,javascript,preventive,6,7,medium,6,expert,1.54,medium,39.25,12,66.62,5,546.88
62,24109,c#,corrective,8,1,high,1,expert,8.56,high,29.14,19,91.09,2,9780.06
60,35298,javascript,perfective,2,3,medium,3,senior,5.15,high,82.27,65,69.16,4,14220.5
43,45142,javascript,perfective,1,5,medium,5,senior,1.06,high,45.14,98,81.07,2,18110.78
76,15687,ruby,preventive,4,7,low,5,junior,6.94,medium,50.14,46,78.06,5,6469.42
68,23271,python,corrective,7,5,high,6,senior,5.19,low,52.08,18,83.18,9,9452.17
5,25784,java,perfective,10,3,low,8,junior,2.98,low,44.84,44,95.09,4,10421.64
37,28448,php,adaptive,3,4,low,5,junior,4.23,medium,25.61,36,94.71,8,11486.57
72,42707,c#,adaptive,3,3,medium,1,expert,2.98,medium,12.03,53,78.04,2,17148.7
31,21266,java,adaptive,5,5,medium,5,senior,2.63,low,9.85,5,60.61,5,8644.11
9,44957,typescript,perfective,5,5,medium,3,senior,1.64,low,75.75,13,77.06,7,17994.83
51,16308,php,corrective,10,6,medium,4,junior,3.63,medium,22.35,3,84.25,6,6687.77
29,26970,java,perfective,3,7,high,8,senior,2.51,high,5.57,85,82.31,5,10917.57
78,3411,c#,adaptive,9,4,low,7,junior,6.83,high,79.75,54,86.05,1,1620.08
40,47611,javascript,perfective,4,3,high,5,junior,6.84,high,15.41,99,66.16,6,19088.34
41,7146,javascript,preventive,3,7,medium,2,junior,5.02,high,62.51,33,85.86,7,3071.09
11,35354,java,corrective,2,0,medium,6,senior,7.78,medium,33.86,26,67.31,0,14208.14
23,30806,java,preventive,10,7,medium,6,senior,8.41,high,12.65,6,90.02,8,12403.46
1,41706,c#,corrective,9,0,low,6,junior,5.8,medium,41.45,2,73.56,3,16704.2
46,12011,javascript,corrective,4,4,high,9,senior,6.19,high,1.48,46,88.4,7,4999.65
21,3511,php,corrective,3,3,medium,8,junior,2.83,high,84.1,96,61.91,9,1650.31
36,2334,c#,corrective,7,3,medium,8,senior,8.95,high,51.35,1,76.31,6,1159.29
54,18827,python,adaptive,8,1,medium,1,expert,0.24,medium,13.92,79,88.2,9,7707.33
57,9280,c#,corrective,2,5,high,5,senior,3.49,low,23.7,24,69.07,6,3923.34
1,19960,java,corrective,7,2,medium,7,expert,7.22,low,44.8,59,91.81,1,8124.05
63,18943,javascript,preventive,5,6,high,6,expert,0.8,low,18.89,78,85.23,0,7759.26
54,6359,c#,perfective,5,7,medium,5,senior,1.83,low,26.86,23,83.5,3,2764.26
55,23678,java,perfective,3,4,low,8,senior,5.89,low,53.44,14,74.14,1,9609.0
40,35753,javascript,perfective,5,2,low,3,expert,5.6,medium,83.26,94,79.3,7,14397.13
15,11711,python,perfective,2,7,medium,6,senior,7.39,medium,40.18,13,83.89,9,4856.7
21,38104,python,corrective,4,2,low,5,junior,8.13,high,71.7,53,78.9,6,15304.54
47,2402,java,corrective,6,4,low,8,expert,1.29,low,87.67,77,87.93,7,1212.49
73,8755,java,perfective,1,3,high,4,senior,0.18,medium,21.63,5,77.35,10,3714.84
53,8720,dart,corrective,10,4,high,8,junior,6.9,high,80.72,77,68.09,5,3717.27
9,39984,javascript,adaptive,4,7,high,2,senior,3.01,medium,75.74,80,68.56,0,16053.77
74,47625,java,corrective,6,2,low,9,senior,6.26,high,35.69,17,60.23,8,19085.16
52,47854,javascript,corrective,9,5,low,9,senior,1.51,low,98.95,19,72.04,5,19163.54
57,22518,python,adaptive,2,6,low,6,senior,4.69,low,26.26,61,89.96,9,9161.36
26,21045,kotlin,adaptive,7,6,high,4,senior,5.04,medium,25.48,80,91.77,0,8571.52
41,30906,c#,adaptive,6,5,high,4,senior,5.85,low,77.23,79,68.1,0,12481.06
35,17246,php,adaptive,2,5,medium,6,senior,5.13,medium,43.47,39,98.36,7,7058.76
63,47443,python,corrective,8,3,low,5,senior,4.96,medium,33.08,38,80.1,5,19010.42
25,31665,javascript,corrective,7,7,medium,6,senior,3.33,low,17.87,51,96.68,7,12756.69
75,25799,javascript,perfective,5,0,medium,7,senior,0.71,low,76.53,31,88.27,7,10457.8
38,42576,php,adaptive,5,4,medium,7,senior,0.9,medium,78.63,72,88.9,10,17082.97
2,16971,python,corrective,7,6,medium,9,senior,4.34,medium,56.66,26,63.4,7,6938.61
7,12435,java,perfective,9,5,high,8,expert,3.56,medium,95.73,51,68.8,9,5154.63
34,46536,dart,corrective,9,4,low,6,junior,5.16,low,31.82,96,60.35,6,18661.08
17,2649,javascript,adaptive,9,6,low,6,junior,3.05,low,21.96,62,88.65,6,1291.13
43,32216,java,corrective,6,5,high,5,senior,6.88,low,67.75,73,73.78,9,12995.06
59,38791,python,perfective,10,7,low,1,expert,8.64,low,75.84,62,91.47,3,15594.41
51,47957,kotlin,adaptive,6,6,low,9,junior,2.99,high,22.49,16,73.56,8,19201.99
54,21532,python,corrective,3,3,low,9,junior,1.93,low,7.66,48,92.77,1,8766.75
24,30455,ruby,perfective,1,0,low,9,junior,1.16,high,81.05,99,65.23,10,12300.18
25,7758,php,adaptive,7,0,medium,8,senior,6.16,high,97.65,80,66.93,8,3324.56
71,43616,java,corrective,4,5,high,3,junior,4.44,low,64.47,81,73.64,9,17516.26
52,8000,c#,corrective,1,6,medium,1,senior,1.88,medium,27.79,22,76.34,2,3413.38
70,43242,python,corrective,8,3,medium,8,senior,6.53,high,99.67,97,73.95,1,17374.22
33,15751,java,corrective,6,1,medium,7,expert,1.48,high,89.33,71,90.55,3,6479.58
49,1754,php,adaptive,6,4,medium,5,senior,5.54,medium,51.34,12,63.88,4,942.98
29,5099,php,perfective,2,4,high,7,junior,5.27,high,82.53,22,74.05,1,2256.68
63,6895,c#,adaptive,1,2,high,4,senior,7.34,high,81.58,56,93.49,0,2988.89
22,12783,javascript,corrective,2,3,low,9,expert,0.55,medium,93.48,61,62.67,9,5303.89
26,29899,python,corrective,4,6,high,2,senior,8.88,high,84.09,53,97.69,10,12059.15
28,13474,python,corrective,2,7,medium,9,expert,7.03,medium,64.37,19,99.45,4,5558.61
49,33311,python,adaptive,1,7,high,9,expert,2.16,medium,60.93,85,63.54,8,13437.04
71,6139,java,perfective,7,2,medium,5,junior,1.83,high,46.74,51,71.65,4,2696.88
49,43005,java,corrective,8,5,high,1,senior,4.32,high,62.65,22,74.9,10,17245.24
20,48954,java,perfective,6,6,high,7,junior,8.18,medium,79.52,34,91.06,9,19582.69
63,3157,java,perfective,4,2,low,4,senior,8.43,low,96.9,66,83.84,8,1515.8
61,38960,java,adaptive,6,0,medium,9,junior,5.2,medium,46.73,33,85.77,9,15653.38
49,17082,javascript,perfective,3,4,high,6,senior,8.61,high,57.37,32,90.3,5,7000.6
71,2800,php,adaptive,8,6,high,3,expert,0.05,medium,44.48,45,64.72,2,1377.35
1,47540,java,adaptive,10,2,low,6,junior,0.35,high,66.85,80,93.33,3,19029.81
13,3561,typescript,adaptive,2,0,high,6,expert,9.12,high,62.99,44,88.22,3,1644.54
51,47575,php,adaptive,5,3,medium,5,junior,7.75,medium,1.78,18,83.09,0,19050.66
56,21957,python,corrective,1,2,low,2,junior,4.51,low,54.12,93,95.59,2,8949.06
62,12569,php,corrective,6,5,medium,2,expert,7.54,medium,8.85,86,88.01,2,5241.29
32,3469,javascript,corrective,2,5,low,7,senior,9.56,medium,2.64,14,68.07,0,1612.96
30,47360,javascript,adaptive,4,5,high,2,senior,7.72,medium,79.12,77,77.19,8,18974.52
29,29243,java,corrective,6,6,medium,6,junior,8.42,medium,25.86,65,79.76,10,11809.36
49,25336,javascript,preventive,10,7,high,5,senior,7.61,medium,34.07,38,62.21,0,10271.98
45,39067,java,perfective,8,7,low,4,senior,1.68,low,6.41,17,98.19,8,15680.23
30,23928,javascript,adaptive,8,4,medium,7,senior,8.34,low,17.95,69,65.14,0,9715.63
16,26476,c#,corrective,6,2,low,8,senior,1.95,medium,76.56,58,87.9,1,10706.94
40,21895,c#,perfective,4,3,low,4,expert,8.93,low,49.35,31,80.25,1,8901.16
19,4587,javascript,perfective,8,2,low,1,senior,4.59,medium,88.07,20,61.03,5,2051.42
18,22999,ruby,perfective,8,4,low,1,expert,6.77,medium,39.72,39,96.99,6,9324.81
1,46814,python,corrective,10,0,medium,1,senior,4.97,medium,26.87,91,94.07,10,18745.09
78,34586,java,adaptive,1,4,low,1,senior,0.94,low,34.76,26,80.97,0,13933.16
47,21480,php,corrective,4,5,medium,5,junior,2.91,high,71.28,1,69.16,2,8733.46
66,5335,java,corrective,4,6,medium,4,senior,9.84,medium,55.5,96,64.86,1,2393.07
38,44664,python,perfective,7,0,high,9,expert,9.61,medium,90.42,79,74.54,7,17914.25
51,5155,python,perfective,7,6,high,3,junior,3.2,high,60.22,38,70.22,8,2294.11
63,42514,java,adaptive,8,5,medium,7,junior,9.96,low,49.3,85,80.27,1,17077.9
4,41418,kotlin,perfective,5,1,medium,8,senior,8.46,medium,78.58,55,98.66,1,16602.93
1,46125,javascript,adaptive,7,4,low,6,junior,6.11,high,94.75,12,83.0,9,18450.6
8,20430,typescript,adaptive,8,4,high,1,expert,0.4,high,35.58,55,95.6,8,8309.85
29,18029,javascript,corrective,9,3,low,8,expert,9.01,high,24.99,65,86.04,3,7377.14
55,7493,javascript,preventive,3,2,low,3,senior,5.57,high,61.62,77,79.01,4,3230.87
3,14973,java,corrective,3,0,low,8,junior,8.68,low,49.89,55,94.18,10,6150.86
32,47933,c#,preventive,4,7,medium,4,senior,8.34,low,98.92,27,78.85,8,19185.71
10,4036,python,perfective,5,6,low,8,senior,8.33,medium,46.24,63,94.75,5,1834.99
74,9354,php,corrective,10,0,high,1,expert,6.98,medium,7.43,70,71.66,9,3974.1
34,11277,php,adaptive,1,3,low,3,senior,2.91,low,97.74,81,65.15,8,4720.29
55,6495,java,perfective,7,3,medium,6,senior,3.36,high,84.36,63,94.21,8,2827.79
32,20338,kotlin,adaptive,9,6,low,9,senior,3.08,medium,17.83,55,83.5,6,8288.06
50,31346,php,preventive,8,7,low,2,expert,0.2,medium,90.46,40,95.56,9,12638.95
7,49977,c#,preventive,5,2,high,1,senior,5.83,high,34.07,99,97.51,8,20000.0
8,49004,python,adaptive,4,6,low,3,senior,6.99,high,37.71,40,62.15,4,19606.3
65,32952,javascript,corrective,7,6,high,4,junior,8.54,medium,90.64,99,80.04,4,13303.89
57,40390,javascript,preventive,5,5,medium,5,senior,1.4,high,53.01,3,75.0,7,16210.01
67,42519,java,adaptive,7,7,low,3,senior,5.44,high,13.78,56,85.03,9,17070.21
59,6200,python,corrective,1,2,high,2,senior,0.08,medium,36.91,29,91.74,3,2703.73
72,29724,php,corrective,1,4,low,2,senior,0.95,low,72.21,87,71.22,8,12029.15
54,28243,python,adaptive,10,5,high,7,junior,0.54,low,17.42,83,82.27,6,11431.74
67,41364,javascript,preventive,3,1,low,9,junior,7.25,medium,59.02,45,88.35,6,16609.96
51,9607,typescript,perfective,2,7,high,2,junior,0.81,medium,69.53,55,65.38,2,4061.04
8,46314,php,adaptive,2,2,low,7,junior,7.16,high,34.39,30,92.56,3,18532.98
34,38010,java,corrective,7,3,medium,7,senior,2.5,high,69.39,87,84.24,6,15283.04
35,44680,php,corrective,10,5,high,7,junior,8.78,high,88.42,6,97.98,10,17890.04
78,41047,python,perfective,2,2,high,3,junior,8.13,high,47.21,89,73.58,10,16506.67
32,8808,python,corrective,4,0,high,7,expert,9.58,high,38.29,76,64.33,4,3742.83
46,19189,c#,corrective,2,6,high,1,senior,8.84,medium,25.12,53,80.26,2,7841.37
16,44084,java,corrective,6,1,high,1,senior,9.33,low,60.42,7,63.43,0,17655.57
68,18053,java,adaptive,8,4,low,5,senior,8.59,high,87.99,54,98.78,6,7398.14
37,36812,javascript,preventive,10,6,low,2,senior,6.93,medium,32.47,68,61.55,5,14810.53
54,44125,python,corrective,4,0,low,9,junior,1.7,medium,39.62,43,90.14,9,17693.43
14,47802,java,adaptive,5,0,medium,7,expert,2.72,medium,40.66,12,81.0,6,19120.47
55,33235,javascript,adaptive,4,1,medium,4,junior,2.13,high,56.08,92,74.74,1,13410.51
48,34428,php,preventive,3,4,medium,4,senior,6.04,medium,22.84,19,62.63,3,13858.15
7,19311,c#,corrective,5,3,low,2,senior,5.04,high,82.22,77,84.89,1,7877.74
74,4020,java,adaptive,9,5,medium,5,senior,8.67,low,29.56,31,83.41,7,1851.27
7,31816,javascript,corrective,8,7,low,4,senior,9.53,medium,70.54,59,71.24,6,12816.55
33,901,python,perfective,8,4,medium,1,senior,4.05,low,51.32,49,96.41,0,602.89
23,45836,python,adaptive,8,7,medium,8,junior,5.06,high,58.59,26,72.16,1,18355.08
19,1299,php,corrective,8,2,high,3,senior,9.72,low,17.96,24,77.99,1,749.85
19,790,java,adaptive,7,0,high,6,expert,2.76,high,73.5,51,81.75,3,556.02
36,11092,python,perfective,8,2,medium,4,expert,7.92,low,18.86,67,64.01,2,4644.92
29,36343,c#,corrective,8,3,low,9,junior,2.25,low,11.35,20,97.29,0,14598.53
60,6702,c#,perfective,8,2,medium,7,senior,6.81,medium,54.67,17,74.98,1,2903.1
2,20378,c#,corrective,10,4,low,9,expert,2.54,medium,70.93,38,63.23,10,8288.44
1,27241,java,adaptive,7,2,medium,3,senior,8.84,low,5.0,14,75.49,8,10990.09
47,35184,java,adaptive,1,3,medium,1,senior,5.61,medium,6.94,52,84.01,0,14162.29
69,33345,java,perfective,4,3,low,5,expert,1.86,high,80.27,37,80.55,8,13440.75
20,23693,python,corrective,4,3,low,3,expert,2.24,medium,80.9,47,87.78,6,9604.74
11,1169,c#,perfective,5,4,high,6,senior,4.94,low,24.53,51,62.22,1,706.96
2,38810,php,perfective,10,3,high,8,senior,9.62,high,61.52,87,71.38,1,15587.87
67,35263,ruby,adaptive,6,0,medium,4,senior,7.7,low,44.32,71,92.77,4,14206.29
12,37231,php,perfective,4,6,low,5,senior,4.88,medium,63.27,27,63.2,4,14951.07
20,46281,javascript,perfective,2,3,low,5,junior,3.38,low,86.29,84,94.22,3,18542.31
5,8055,c#,corrective,6,2,medium,4,junior,5.49,medium,7.99,15,63.68,9,3412.51
37,4614,java,corrective,8,5,high,4,senior,7.48,low,77.8,15,93.38,9,2060.74
38,11693,javascript,preventive,8,2,low,4,junior,7.84,high,49.3,34,74.43,2,4870.49
9,18670,javascript,corrective,7,5,high,4,senior,3.25,medium,56.41,16,84.49,3,7605.85
53,36377,python,perfective,6,2,low,4,senior,7.21,low,65.39,72,66.12,9,14645.76
44,17138,java,preventive,2,4,high,5,senior,6.58,low,92.26,98,62.65,3,7048.1
24,11329,kotlin,corrective,7,2,medium,2,senior,9.59,high,5.67,51,68.64,1,4726.9
74,34777,java,adaptive,5,4,high,2,expert,9.31,medium,2.95,92,65.11,4,14030.74
30,45617,python,adaptive,6,4,medium,9,junior,7.89,high,17.83,81,72.5,4,18288.68
59,1384,javascript,adaptive,10,3,medium,2,senior,7.23,high,98.64,11,80.58,4,797.22
14,28351,php,corrective,8,0,low,6,expert,2.74,high,71.51,82,83.55,10,11454.2
9,41464,javascript,corrective,8,5,low,2,senior,8.46,high,61.46,47,91.59,10,16621.2
40,40928,c#,adaptive,3,3,high,5,senior,4.28,low,4.7,21,86.25,9,16417.28
66,13133,python,perfective,7,3,high,4,expert,2.72,high,87.91,48,84.35,0,5455.25
25,40711,c#,perfective,1,6,high,7,junior,3.84,low,81.28,51,76.47,5,16336.84
73,40574,java,adaptive,1,4,medium,7,senior,8.36,high,66.48,78,78.95,10,16312.62
22,6401,php,corrective,7,4,high,6,senior,1.49,medium,33.91,0,76.58,1,2760.36
4,19790,c#,adaptive,10,5,low,5,junior,4.56,high,7.05,65,93.69,6,8058.95
26,39354,python,corrective,9,2,medium,1,expert,4.92,medium,58.0,63,69.2,3,15806.85
58,30192,python,preventive,7,2,medium,3,expert,0.37,medium,71.97,7,60.23,4,12185.41
29,11247,python,perfective,10,7,medium,9,senior,1.96,high,9.42,85,86.05,4,4703.01
37,9316,java,perfective,5,3,medium,1,junior,8.27,low,63.38,24,68.1,4,3928.63
75,23955,java,preventive,8,7,low,5,junior,8.31,medium,28.64,65,95.6,1,9738.99
70,22609,c#,corrective,2,1,medium,2,senior,2.92,medium,76.42,72,94.36,4,9206.71
18,24976,javascript,perfective,9,1,high,4,junior,8.75,high,53.96,72,63.07,2,10125.24
42,45691,java,corrective,6,7,medium,1,senior,7.72,low,12.9,76,64.26,3,18324.15
41,5380,python,preventive,9,2,low,3,senior,4.18,low,52.65,69,79.81,1,2386.92
38,2968,python,corrective,2,1,low,7,senior,7.48,low,39.57,93,84.37,3,1438.45
34,12639,php,perfective,3,6,low,3,senior,9.61,low,18.04,78,71.0,8,5256.23
17,7255,java,perfective,8,2,low,4,senior,4.59,high,84.15,50,88.67,7,3107.49
37,41541,c#,corrective,1,4,medium,2,junior,2.38,high,1.1,52,83.8,10,16668.34
25,5095,php,corrective,10,3,medium,3,senior,9.42,medium,31.21,14,72.99,2,2250.77
76,11493,c#,perfective,7,0,medium,9,senior,6.04,medium,1.26,49,61.01,0,4817.71
27,26147,php,adaptive,7,3,medium,3,senior,1.05,high,9.6,70,90.01,0,10585.59
57,22986,java,corrective,1,7,high,5,senior,5.73,low,29.71,74,68.59,5,9356.12
31,14003,kotlin,corrective,9,2,low,2,senior,5.01,medium,5.43,37,93.38,2,5776.55
6,32697,python,corrective,8,7,medium,4,expert,8.56,medium,59.66,39,76.81,3,13157.09
40,13721,python,perfective,4,6,high,7,junior,5.31,low,8.69,65,83.08,0,5680.98
12,11566,c#,adaptive,10,2,low,7,junior,2.55,medium,70.17,38,94.92,7,4803.58
53,34221,typescript,corrective,5,3,low,3,senior,6.76,medium,5.26,73,94.54,0,13788.69
71,28912,php,corrective,2,6,high,5,senior,5.43,low,5.93,16,74.86,4,11685.09
10,23277,python,corrective,9,6,medium,1,senior,2.33,low,30.53,6,68.36,5,9427.39
45,31889,java,corrective,6,6,medium,1,expert,5.74,high,89.66,38,91.01,1,12852.89
17,31624,typescript,adaptive,3,5,low,5,senior,8.22,low,64.14,67,77.32,6,12746.5
26,43275,java,corrective,7,2,medium,9,expert,0.29,high,77.01,34,67.68,6,17347.18
62,5377,php,corrective,9,1,medium,1,expert,6.31,low,14.16,50,96.18,0,2385.96
46,30349,php,perfective,3,1,low,1,junior,3.5,high,83.41,46,67.92,3,12252.43
64,15938,javascript,corrective,2,2,medium,4,senior,2.93,high,0.81,35,61.03,3,6563.8
2,3091,java,adaptive,7,2,low,4,senior,3.93,high,21.31,63,60.81,4,1465.93
54,27836,javascript,adaptive,7,5,medium,2,junior,3.42,high,61.61,94,84.89,0,11274.7
65,48696,java,adaptive,4,1,low,9,senior,8.32,low,37.52,88,86.47,0,19521.65
51,15199,php,adaptive,9,2,low,9,senior,2.75,medium,98.42,12,72.44,6,6255.13
53,20108,javascript,adaptive,8,2,low,2,junior,7.33,medium,3.03,17,72.8,8,8197.33
36,3651,php,perfective,1,7,low,9,senior,0.94,low,99.86,20,73.58,0,1687.38
26,49347,python,adaptive,1,5,high,6,senior,9.51,low,62.36,64,87.21,1,19752.52
29,49756,dart,adaptive,5,5,low,8,junior,6.22,high,55.87,99,62.33,5,19931.91
21,22206,javascript,perfective,6,3,medium,4,senior,7.07,medium,5.95,7,97.16,5,9002.83
11,22299,python,adaptive,3,5,low,2,junior,2.98,medium,27.33,47,68.9,1,9054.82
40,1476,python,corrective,9,0,medium,2,senior,4.12,high,92.47,84,99.99,8,842.41
11,32693,ruby,corrective,10,1,high,9,junior,2.24,medium,35.42,42,66.86,3,13161.18
36,4742,c#,corrective,6,3,low,1,expert,9.33,medium,66.17,52,90.86,6,2123.62
59,15802,php,perfective,4,0,high,7,senior,4.88,high,99.95,84,68.94,5,6520.99
39,40334,python,perfective,7,2,low,3,junior,6.3,low,26.31,26,63.23,10,16188.93
54,7679,python,preventive,8,7,high,3,senior,7.34,medium,57.61,18,95.0,10,3280.51
55,8587,javascript,adaptive,9,7,medium,2,senior,3.71,high,69.64,22,94.35,2,3642.52
24,40167,java,adaptive,6,2,high,6,senior,7.2,high,16.46,49,76.14,7,16120.5
22,29540,javascript,corrective,6,3,medium,2,senior,6.76,high,14.87,50,88.1,6,11917.33
69,37833,dart,adaptive,8,5,medium,4,senior,7.06,medium,45.63,42,82.28,8,15215.61
56,17619,kotlin,adaptive,5,6,low,9,junior,4.89,high,38.58,98,94.12,2,7236.58
33,46785,typescript,preventive,3,7,low,9,junior,3.83,low,71.42,50,72.6,0,18742.51
36,18677,php,corrective,3,6,high,6,senior,2.22,low,6.95,68,80.95,1,7639.02
20,26858,java,adaptive,6,2,medium,4,senior,8.25,medium,97.22,40,79.41,10,10854.71
62,21736,javascript,adaptive,2,6,medium,7,senior,6.08,medium,1.43,71,74.16,0,8863.01
73,8911,javascript,adaptive,6,4,high,1,expert,4.44,low,60.13,10,95.66,10,3773.73
26,17814,php,adaptive,6,3,medium,4,senior,9.44,medium,56.26,79,66.64,4,7299.61
66,14698,python,perfective,8,0,high,5,senior,0.48,low,13.47,87,65.98,9,6089.01
73,28851,javascript,corrective,7,3,high,8,senior,8.5,medium,15.09,84,83.08,1,11681.95
73,38545,python,perfective,8,1,medium,2,junior,9.98,high,79.27,51,86.3,2,15501.73
40,47630,javascript,adaptive,9,5,high,5,expert,8.87,medium,88.76,22,67.78,7,19070.96
17,26545,php,perfective,6,5,low,6,senior,8.1,low,28.3,48,75.63,9,10733.17
1,25916,php,perfective,3,3,low,5,senior,3.74,medium,43.8,37,97.86,4,10469.04
61,32817,java,corrective,10,2,medium,9,junior,2.31,medium,35.5,46,69.86,3,13234.46
43,8908,dart,corrective,3,2,low,1,senior,7.35,medium,7.25,71,86.73,4,3780.67
42,6549,c#,preventive,1,4,high,3,expert,3.05,medium,67.32,6,89.61,9,2825.88
25,1750,python,adaptive,5,4,high,2,junior,1.76,medium,82.52,65,77.93,5,943.28
39,24544,java,preventive,4,5,medium,3,expert,7.87,high,30.49,93,97.5,6,9962.31
35,35299,java,corrective,9,4,medium,9,senior,3.13,low,99.02,76,89.47,8,14207.07
3,9804,python,adaptive,9,7,high,9,senior,9.14,medium,7.59,61,78.32,0,4115.27
44,1681,kotlin,perfective,5,7,medium,2,senior,8.41,medium,66.18,86,82.77,3,930.83
51,29905,javascript,preventive,10,0,medium,3,expert,8.48,medium,44.82,28,87.7,8,12068.16
12,17496,php,corrective,4,4,medium,4,junior,7.72,low,44.66,37,83.69,4,7149.98
19,46775,java,perfective,7,0,high,9,junior,8.81,low,45.76,100,95.15,7,18741.27
44,8405,python,adaptive,6,4,medium,3,expert,8.06,low,25.87,83,74.28,0,3589.74
59,5837,javascript,corrective,4,5,high,7,senior,6.03,high,71.56,32,72.0,3,2565.9
49,20656,python,adaptive,10,5,high,3,junior,2.96,high,72.16,28,68.55,8,8416.49
61,46143,javascript,adaptive,2,0,medium,7,senior,8.88,medium,28.24,78,61.51,0,18513.55
17,49612,typescript,preventive,1,3,medium,7,senior,8.41,high,83.53,22,61.72,0,19845.9
74,46552,javascript,adaptive,4,5,high,9,senior,4.73,low,31.68,2,94.8,3,18648.96
57,3943,c#,corrective,4,3,medium,2,junior,0.39,high,72.51,100,87.14,2,1834.5
55,14100,python,corrective,1,2,high,6,senior,6.39,medium,12.1,92,86.42,6,5844.67
47,29975,python,adaptive,6,7,high,9,junior,0.51,medium,16.87,44,84.59,10,12099.41
12,10262,python,corrective,4,0,medium,2,senior,9.26,high,31.58,7,93.97,2,4279.45
62,17564,javascript,perfective,1,6,high,2,expert,9.62,high,59.39,85,79.21,0,7217.43
8,48493,python,corrective,1,5,high,5,senior,1.89,high,64.55,28,94.82,10,19391.86
21,8730,java,preventive,1,1,high,8,junior,6.76,low,39.64,1,74.38,9,3679.9
70,20131,javascript,preventive,8,2,medium,9,junior,0.92,high,7.78,49,97.07,1,8219.95
72,2279,java,adaptive,10,3,low,2,senior,7.3,high,37.36,64,87.95,9,1171.31
25,4106,python,preventive,8,5,medium,5,senior,3.47,medium,68.88,19,70.29,3,1861.97
12,13884,java,perfective,2,0,medium,7,senior,6.81,low,67.1,51,82.56,0,5727.82
15,7853,typescript,adaptive,7,6,medium,6,senior,3.73,low,16.02,84,81.32,0,3356.48
59,19728,c#,corrective,8,4,high,6,senior,1.46,high,0.78,36,65.52,7,8057.89
26,28532,javascript,adaptive,8,6,medium,7,senior,4.06,medium,75.3,71,83.65,6,11528.56
26,10035,python,adaptive,10,1,medium,3,junior,1.13,medium,10.64,26,72.59,7,4206.66
47,44678,dart,perfective,7,3,low,3,junior,5.77,low,8.23,46,62.09,3,17917.2
32,13896,c#,adaptive,5,2,high,9,junior,0.41,low,0.27,98,97.95,5,5752.46
10,31045,java,perfective,1,6,medium,8,senior,5.27,medium,43.26,5,85.66,2,12493.41
16,13845,php,adaptive,9,0,low,5,expert,8.86,medium,50.33,59,95.08,10,5712.28
71,29724,java,corrective,7,1,low,6,senior,8.38,high,63.77,44,87.04,7,12011.49
17,30499,javascript,preventive,2,0,high,1,junior,8.83,medium,29.61,43,74.28,3,12295.5
23,44519,c#,adaptive,6,5,medium,1,junior,9.22,high,71.04,82,80.51,2,17850.16
26,43825,java,corrective,2,4,low,4,junior,1.05,low,16.93,17,87.03,3,17555.05
7,35847,dart,adaptive,1,2,high,2,senior,1.29,low,83.2,64,98.41,5,14404.93
14,29822,ruby,corrective,7,0,high,7,senior,5.57,medium,57.18,24,70.15,10,12020.39
79,26811,javascript,adaptive,2,3,high,2,senior,8.94,medium,58.39,26,95.0,6,10856.62
7,37820,python,adaptive,2,5,medium,2,junior,9.74,low,20.98,6,96.96,6,15166.52
9,27246,python,adaptive,5,5,medium,5,junior,0.46,high,7.41,43,86.82,3,11003.13
48,39249,java,preventive,5,2,high,4,junior,3.56,medium,46.47,28,97.25,7,15757.44
72,23649,php,adaptive,7,5,medium,8,junior,2.13,low,61.56,94,75.92,6,9629.69
59,14669,java,corrective,1,3,high,4,senior,7.56,low,9.5,43,98.12,1,6053.97
39,33180,javascript,adaptive,8,0,low,6,junior,6.4,low,95.05,35,88.11,7,13359.04
18,32443,ruby,preventive,3,2,medium,5,senior,1.2,high,98.04,18,61.68,8,13058.55
59,3449,python,corrective,4,7,low,2,senior,4.84,low,54.55,5,96.27,4,1607.7
17,40758,c#,corrective,9,5,low,8,expert,6.85,medium,95.01,24,79.38,3,16342.71
14,23889,python,corrective,4,5,low,2,expert,7.79,medium,17.94,30,78.41,3,9676.68
31,45290,kotlin,corrective,10,3,low,9,senior,0.2,low,2.54,8,82.66,3,18134.59
24,35857,javascript,perfective,5,4,high,9,junior,8.9,low,3.94,83,65.98,5,14430.64
60,10423,python,perfective,7,4,low,3,senior,5.69,low,58.75,73,78.77,10,4389.04
45,42575,java,corrective,4,6,medium,4,senior,8.12,medium,6.16,36,93.25,3,17074.59
3,10140,javascript,adaptive,1,5,high,8,junior,8.08,low,95.85,26,60.62,6,4240.24
37,16964,php,corrective,9,7,medium,9,senior,1.9,low,14.19,12,70.92,6,6946.39
43,5211,ruby,preventive,4,0,low,3,expert,1.1,high,30.47,40,60.1,4,2316.11
40,28263,c#,preventive,9,2,high,5,senior,7.21,low,82.25,65,76.63,4,11428.97
55,39246,python,corrective,6,5,medium,8,junior,1.56,high,21.87,84,89.13,9,15778.89
39,31577,python,perfective,1,1,high,3,junior,8.5,high,24.3,96,91.95,7,12743.9
15,29768,python,perfective,3,2,high,7,senior,7.26,medium,64.23,23,97.81,6,11993.28
4,49715,javascript,corrective,2,6,high,8,junior,8.42,medium,27.61,43,84.34,6,19880.77
25,26071,php,corrective,9,4,medium,3,senior,2.99,low,21.74,97,70.19,5,10567.05
13,23287,javascript,adaptive,1,7,medium,2,senior,3.17,high,25.42,59,96.97,6,9442.58
33,1451,python,perfective,9,5,medium,7,junior,6.71,medium,49.06,8,91.01,6,807.62
16,18671,javascript,preventive,9,3,low,9,expert,0.31,medium,96.61,1,82.98,9,7604.24
42,7433,php,perfective,8,1,high,1,senior,7.26,low,83.22,55,87.83,1,3192.42
66,12538,ruby,perfective,8,5,low,3,junior,8.36,high,28.46,29,96.97,9,5209.68
55,35795,php,adaptive,1,7,medium,5,senior,4.15,low,36.34,21,88.5,1,14396.53
42,26744,java,perfective,8,6,high,3,senior,7.65,medium,46.45,74,74.73,9,10832.1
34,4600,python,perfective,10,0,medium,1,senior,1.75,medium,97.89,80,88.52,6,2075.96
30,5652,php,corrective,3,1,medium,7,expert,3.22,low,17.24,99,61.61,9,2501.73
13,36106,c#,adaptive,7,6,medium,7,senior,9.74,medium,35.75,12,75.46,6,14498.98
13,28674,java,perfective,1,5,high,8,expert,9.86,high,72.94,70,76.25,6,11579.95
18,38755,ruby,corrective,1,0,medium,5,senior,5.13,high,96.39,15,66.67,4,15551.6
32,41370,php,perfective,10,1,high,5,senior,9.34,high,15.57,96,60.92,0,16619.31
39,32920,c#,corrective,5,0,low,5,expert,5.23,medium,22.74,44,65.34,1,13265.49
46,38904,c#,adaptive,5,0,high,1,senior,2.92,medium,22.57,64,86.18,8,15633.99
29,46847,java,perfective,8,1,high,5,junior,2.67,low,2.09,10,92.09,7,18746.74
62,4513,javascript,corrective,7,1,low,6,senior,9.3,medium,60.41,69,99.53,7,2048.61
62,18050,javascript,corrective,8,0,medium,1,senior,1.72,low,67.07,19,73.85,9,7388.48
57,24707,php,adaptive,6,6,low,7,junior,5.8,medium,60.25,98,83.98,0,10041.0
16,21364,php,perfective,6,7,high,1,expert,5.56,medium,7.13,62,97.49,5,8685.01
56,44004,php,corrective,2,4,medium,2,junior,7.4,medium,6.92,100,66.68,8,17670.3
10,21091,python,preventive,6,1,medium,2,junior,4.99,medium,21.04,89,88.71,7,8584.57
30,39094,ruby,corrective,5,5,low,5,expert,2.72,high,29.03,11,90.2,2,15684.74
25,3973,php,preventive,3,2,low,7,senior,1.69,medium,78.65,61,63.56,3,1824.28
5,12761,c#,preventive,6,3,low,1,junior,6.21,high,15.94,93,94.45,2,5290.82
65,32596,php,adaptive,8,0,medium,1,senior,7.19,high,4.41,91,92.52,5,13157.55
49,27722,php,adaptive,9,0,medium,1,senior,5.7,medium,39.4,90,61.34,8,11230.33
3,35450,javascript,adaptive,1,3,high,6,junior,7.38,medium,41.64,41,63.64,7,14246.79
45,27950,javascript,adaptive,3,4,medium,2,expert,1.42,low,45.09,82,61.97,9,11315.7
14,28072,python,corrective,3,3,medium,1,senior,8.82,high,82.69,68,73.39,3,11343.03
30,29361,java,corrective,8,1,high,6,senior,5.82,medium,9.8,57,80.37,1,11855.22
68,25951,c#,corrective,1,3,high,2,senior,1.27,high,70.39,4,81.29,7,10507.67
18,23732,php,adaptive,5,0,high,6,senior,4.62,medium,33.79,26,70.71,7,9616.46
62,49649,java,corrective,3,3,medium,8,junior,8.45,high,31.0,27,96.46,10,19873.62
37,15905,python,adaptive,2,2,low,2,junior,8.98,high,93.25,25,74.73,5,6531.23
25,10417,c#,preventive,8,5,low,9,senior,2.65,medium,24.85,90,61.82,7,4379.94
48,11861,python,corrective,3,1,high,8,expert,7.11,low,64.25,48,72.01,8,4945.68
65,1017,python,adaptive,7,3,low,1,junior,1.0,medium,27.51,20,81.24,0,658.34
53,42176,python,adaptive,1,0,medium,7,senior,0.34,medium,50.71,0,76.33,8,16912.53
79,20958,python,perfective,6,6,medium,6,expert,5.6,low,78.63,91,70.95,1,8570.52
73,3867,python,preventive,3,5,medium,6,junior,6.95,high,88.17,57,65.25,0,1803.96
15,17809,java,perfective,8,1,medium,6,junior,7.96,medium,83.87,78,92.77,7,7285.43
49,24652,javascript,preventive,6,0,low,6,senior,3.4,high,58.22,54,99.85,7,9996.69
68,39113,php,corrective,2,4,medium,7,senior,0.07,high,24.88,80,73.18,10,15734.85
12,26692,javascript,perfective,6,2,medium,3,junior,4.8,medium,66.12,25,75.26,3,10782.66
59,11938,ruby,perfective,7,7,high,6,senior,0.16,high,70.99,83,84.72,7,4989.53
37,1012,python,corrective,5,4,high,3,senior,0.92,medium,1.07,24,88.74,6,641.62
61,8143,java,preventive,3,7,high,7,senior,3.27,high,43.92,76,75.68,1,3491.55
43,40955,ruby,corrective,4,2,high,7,junior,4.37,medium,84.33,32,96.2,4,16431.28
70,34096,python,adaptive,4,3,medium,8,senior,2.79,medium,48.96,88,82.4,9,13753.55
39,24148,javascript,corrective,6,1,low,2,senior,5.82,medium,31.14,71,78.02,3,9803.95
56,27984,javascript,adaptive,10,3,medium,9,expert,0.55,medium,87.18,68,85.87,2,11325.37
63,45025,c#,perfective,1,2,medium,5,expert,1.45,medium,15.59,5,98.11,0,18040.9
46,39356,python,adaptive,4,2,medium,9,senior,6.95,medium,20.64,22,91.78,4,15798.65
11,19488,java,adaptive,10,2,medium,5,senior,1.42,medium,68.74,29,61.6,9,7938.67
62,36335,c#,corrective,4,7,medium,7,senior,6.4,high,35.24,77,73.29,7,14633.62
77,47895,python,perfective,10,5,medium,9,junior,0.55,medium,71.3,53,78.82,8,19200.27
25,49416,c#,corrective,1,0,medium,4,junior,4.07,medium,15.77,86,72.58,6,19788.94
71,18106,ruby,adaptive,9,1,low,2,senior,1.77,medium,25.23,10,88.01,10,7408.52
52,21063,dart,preventive,4,3,high,9,junior,1.1,high,15.66,30,93.05,0,8574.85
4,18555,java,perfective,7,3,low,2,junior,5.67,high,95.29,5,89.25,0,7553.9
59,38441,php,adaptive,3,4,low,3,expert,9.28,medium,40.54,10,99.57,0,15438.2
72,5704,javascript,perfective,10,7,medium,2,junior,0.55,low,33.72,76,70.9,1,2533.99
20,35511,java,perfective,3,2,medium,3,junior,4.22,medium,1.42,11,95.0,0,14263.15
63,23790,python,perfective,8,6,medium,6,junior,7.08,medium,15.34,65,90.66,3,9668.95
54,7957,ruby,adaptive,8,2,low,3,senior,4.63,high,42.11,52,74.49,9,3406.15
74,33079,java,corrective,1,2,medium,8,senior,8.06,medium,6.85,98,89.36,8,13355.19
57,45411,java,corrective,10,6,medium,6,senior,1.8,high,51.07,35,64.16,3,18207.66
41,36808,python,corrective,2,3,high,7,senior,9.6,medium,45.5,16,91.57,3,14787.61
3,20750,php,adaptive,8,4,high,1,senior,3.85,high,76.72,27,81.29,6,8428.8
6,6244,php,corrective,1,0,medium,3,expert,3.42,low,65.98,91,71.69,10,2719.24
5,43886,ruby,adaptive,8,6,medium,3,expert,8.75,high,44.59,21,86.23,8,17569.86
5,47920,java,corrective,8,7,high,2,expert,5.64,high,22.47,6,85.66,6,19159.83
54,3514,python,corrective,2,5,low,7,senior,5.16,high,72.69,14,68.38,0,1641.11
47,21952,c#,perfective,4,1,medium,9,junior,7.27,low,70.79,95,61.22,0,8951.91
49,46952,javascript,adaptive,6,7,medium,4,junior,5.8,low,15.33,10,77.34,3,18801.85
9,45512,python,corrective,9,6,high,5,junior,1.63,medium,91.48,23,82.78,3,18216.61
20,14997,c#,perfective,8,0,low,3,senior,6.74,low,6.44,66,95.06,0,6173.25
61,42155,dart,corrective,8,3,medium,9,expert,1.33,low,5.5,29,97.13,5,16912.74
35,47559,ruby,perfective,7,5,high,4,senior,8.06,low,18.74,69,81.15,9,19051.91
50,1328,ruby,perfective,9,5,medium,5,junior,9.9,medium,90.95,65,90.15,1,786.09
62,1298,kotlin,corrective,2,5,low,1,senior,3.77,medium,52.0,60,77.57,10,779.91
17,40554,java,perfective,3,2,high,2,expert,4.45,low,78.79,77,89.84,4,16276.21
3,47880,javascript,adaptive,10,1,medium,9,senior,0.46,low,22.78,40,68.19,7,19157.81
32,14523,dart,adaptive,8,3,medium,2,expert,0.14,medium,49.02,81,74.84,2,6000.84
13,17379,python,corrective,6,3,low,5,expert,9.21,medium,35.83,50,85.37,8,7107.29
73,8000,ruby,corrective,10,5,medium,8,expert,1.29,low,82.78,43,60.73,6,3433.05
68,25066,javascript,preventive,9,3,medium,3,senior,4.46,medium,2.26,94,88.9,8,10184.4
14,37539,javascript,corrective,10,1,low,6,senior,8.15,high,24.38,12,93.42,0,15062.47
11,4960,c#,adaptive,4,1,low,4,junior,8.89,high,15.26,89,75.97,4,2213.46
56,35870,typescript,adaptive,8,4,high,7,junior,5.19,high,85.92,11,77.92,2,14425.83
67,17701,php,adaptive,10,6,low,3,senior,5.65,high,46.75,81,94.05,3,7268.69
29,32907,python,corrective,3,6,low,6,junior,6.7,medium,40.42,8,91.03,3,13237.82
9,6086,php,corrective,3,4,medium,9,expert,9.61,medium,44.95,84,71.53,10,2656.04
67,8935,java,perfective,8,0,high,1,junior,6.03,medium,97.19,47,72.96,6,3798.09
25,21964,java,corrective,5,6,low,3,expert,5.59,medium,85.03,48,87.16,9,8923.79
76,37859,javascript,corrective,3,1,medium,2,senior,0.15,medium,70.64,52,82.53,10,15231.99
42,24176,javascript,corrective,10,1,low,8,senior,0.81,medium,29.05,55,66.49,7,9813.48
9,32267,javascript,adaptive,1,6,low,7,expert,5.77,medium,16.52,39,72.4,10,12988.51
79,11730,typescript,perfective,3,1,low,2,senior,9.36,low,92.14,23,96.0,9,4894.85
40,22572,ruby,corrective,9,4,high,6,senior,8.67,high,42.31,97,87.53,4,9187.38
25,41019,c#,corrective,5,5,low,3,junior,9.83,low,27.88,71,99.44,9,16458.81
5,1767,python,corrective,10,5,low,8,senior,5.28,low,47.09,32,90.68,6,926.9
11,27792,typescript,perfective,2,3,medium,3,junior,7.88,low,91.78,22,97.68,2,11210.8
59,1662,typescript,adaptive,7,7,high,9,senior,8.4,medium,38.71,76,68.65,2,930.78
79,19140,php,adaptive,2,7,low,1,senior,6.48,low,56.26,53,90.86,2,7835.14
38,24844,python,perfective,4,5,medium,5,senior,3.39,high,80.3,52,60.81,3,10076.61
72,22145,python,adaptive,7,2,low,3,senior,4.7,medium,42.71,48,86.83,5,9018.32
5,22289,java,perfective,4,4,medium,6,senior,8.58,medium,23.35,77,78.77,4,9054.69
48,11774,python,perfective,7,1,medium,2,senior,2.99,medium,99.45,77,73.87,7,4920.18
18,23525,java,corrective,7,6,medium,9,expert,9.24,medium,95.66,79,94.5,4,9546.24
70,38097,typescript,corrective,1,5,medium,6,senior,2.3,high,84.35,48,94.17,10,15319.18
37,9948,javascript,corrective,6,4,medium,7,senior,7.5,medium,68.84,59,60.89,4,4191.17
60,24314,python,corrective,9,5,low,5,senior,6.31,high,29.49,89,84.38,9,9882.74
48,38702,java,preventive,2,0,medium,9,expert,7.5,high,91.34,89,74.71,1,15566.84
77,9524,python,adaptive,3,1,low,1,senior,4.37,high,27.56,64,76.63,10,4039.48
28,37698,python,corrective,10,0,high,5,senior,9.33,medium,80.08,31,93.28,10,15136.41
69,24994,java,perfective,5,1,high,6,senior,6.32,low,91.83,78,72.39,4,10155.91
77,7401,java,adaptive,9,4,high,7,senior,2.88,medium,60.3,20,97.72,6,3182.17
40,38214,php,corrective,4,3,high,4,junior,6.38,medium,80.31,17,67.19,1,15349.21
45,7331,kotlin,corrective,1,5,medium,1,senior,2.87,high,79.17,93,86.51,5,3165.23
62,48736,java,adaptive,4,5,high,8,senior,2.94,high,19.32,59,86.88,6,19525.82
58,24225,javascript,perfective,6,2,low,4,expert,4.0,high,66.79,12,70.09,4,9826.46
67,17937,php,corrective,5,6,medium,3,senior,8.52,high,9.35,23,72.99,8,7347.82
56,35907,java,corrective,1,0,medium,7,senior,5.0,low,50.79,29,93.39,3,14442.32
40,7656,python,adaptive,4,5,medium,2,junior,6.79,low,16.22,1,90.47,9,3260.64
40,12116,php,corrective,6,4,high,8,expert,3.92,low,41.63,82,73.16,0,5054.4
77,44861,python,adaptive,10,3,low,6,expert,2.64,high,83.3,24,81.36,7,17991.6
33,2142,c#,adaptive,10,6,medium,7,junior,9.55,high,98.72,49,62.47,7,1100.29
6,22277,javascript,corrective,4,4,high,5,junior,6.04,medium,31.8,13,68.35,6,9032.35
19,47332,java,preventive,9,0,low,9,senior,9.34,high,53.2,5,79.43,7,18935.1
40,39681,java,adaptive,5,2,medium,5,senior,2.03,high,51.13,75,63.44,1,15948.2
59,28169,php,corrective,8,5,high,5,senior,1.47,high,95.44,83,93.73,2,11402.78
59,23922,python,adaptive,9,4,medium,3,junior,8.56,high,47.86,86,88.72,8,9725.53
48,19665,java,perfective,10,6,medium,1,junior,6.81,medium,69.91,29,97.75,0,8019.02
41,18524,ruby,perfective,5,1,low,2,senior,1.87,medium,92.18,29,87.74,7,7566.04
13,23156,javascript,corrective,6,3,medium,8,senior,2.69,low,37.34,37,97.62,7,9383.54
45,27562,python,preventive,1,6,high,1,senior,8.01,medium,90.21,57,82.18,6,11150.14
53,28895,php,adaptive,7,4,medium,7,senior,4.54,medium,91.75,93,84.01,10,11691.06
42,14407,java,corrective,4,3,medium,5,junior,6.71,low,93.07,40,99.08,4,5940.71
63,42948,php,corrective,2,5,low,3,senior,3.18,high,27.04,93,85.69,3,17250.35
27,27032,php,corrective,5,1,low,7,junior,3.81,medium,40.04,56,61.23,9,10936.32
38,18349,c#,perfective,3,2,high,9,senior,9.91,high,87.04,35,88.95,9,7496.75
60,42059,javascript,corrective,6,6,medium,2,senior,2.48,low,35.92,63,96.22,9,16884.66
7,26856,dart,corrective,8,2,medium,8,junior,5.06,medium,60.03,97,91.82,9,10862.99
5,40862,python,perfective,7,1,low,9,junior,8.44,medium,11.81,15,83.35,5,16374.02
45,37680,ruby,corrective,3,3,medium,3,junior,2.39,low,5.63,87,86.85,10,15156.58
58,1924,python,corrective,8,5,high,2,senior,4.15,medium,41.2,77,99.61,0,1027.14
31,26331,java,corrective,2,4,medium,7,expert,6.15,low,57.89,89,63.63,4,10671.83
23,36509,java,corrective,10,1,low,5,junior,4.81,low,39.27,71,86.69,3,14679.45
42,24403,typescript,corrective,9,0,medium,5,expert,4.6,low,57.77,13,71.34,3,9889.39
10,20470,kotlin,adaptive,4,3,high,5,junior,3.63,low,51.51,30,85.6,6,8321.39
32,35178,python,corrective,1,2,medium,4,expert,5.87,high,68.57,65,84.3,8,14155.58
53,7188,python,corrective,8,6,high,5,senior,6.24,low,64.95,67,66.14,7,3108.8
30,38669,ruby,perfective,7,1,medium,4,senior,6.53,medium,42.42,64,68.27,10,15537.46
39,27390,javascript,adaptive,5,2,high,6,senior,0.7,high,42.5,54,84.87,7,11077.58
31,25889,python,adaptive,10,3,medium,4,senior,6.31,medium,14.08,83,65.13,4,10494.9
2,28778,c#,adaptive,5,2,low,2,expert,9.53,high,51.32,77,70.61,5,11619.54
78,29310,javascript,corrective,7,1,medium,9,senior,5.41,high,58.72,39,93.41,1,11849.05
77,16085,dart,adaptive,5,3,low,2,senior,7.15,high,47.65,24,73.08,10,6620.62
12,45082,java,adaptive,8,0,high,9,junior,5.57,low,32.57,24,79.52,2,18049.34
39,21252,javascript,corrective,6,1,high,6,junior,8.55,high,72.16,2,97.65,4,8632.8
66,5348,javascript,preventive,5,4,medium,9,expert,9.3,high,7.47,68,69.09,1,2388.35
13,21833,php,corrective,9,7,medium,9,senior,1.84,medium,91.44,25,75.59,2,8862.9
46,10035,javascript,perfective,2,5,low,3,senior,4.37,low,2.06,39,84.26,3,4218.12
27,4309,c#,corrective,1,1,high,1,senior,3.92,medium,96.24,37,90.21,5,1943.8
17,30955,java,perfective,8,3,medium,1,expert,4.05,high,46.24,37,96.07,4,12468.5
60,13716,php,adaptive,3,6,low,3,senior,1.26,medium,41.27,67,96.62,9,5684.49
64,26070,javascript,perfective,7,5,medium,5,senior,8.14,high,25.64,6,91.07,3,10551.75
35,42944,python,corrective,10,1,low,3,senior,0.36,low,1.01,93,69.13,1,17239.73
70,43518,c#,adaptive,8,0,medium,9,senior,5.28,high,27.48,29,60.99,10,17463.45
30,39898,java,adaptive,6,6,medium,9,junior,6.62,low,10.94,18,75.35,4,16007.9
71,43556,python,perfective,10,0,low,3,expert,2.07,low,65.98,34,65.66,4,17480.36
74,15283,php,adaptive,9,4,high,3,senior,9.06,medium,31.91,32,88.42,10,6301.14
63,1104,javascript,adaptive,7,6,low,5,expert,8.39,low,76.72,32,86.45,6,693.39
28,34582,ruby,adaptive,10,2,low,2,junior,4.71,low,20.69,77,61.76,0,13928.54
60,34899,java,corrective,5,7,low,6,junior,4.11,low,90.02,37,93.46,3,14048.36
79,28616,php,adaptive,8,6,high,7,expert,2.37,medium,52.3,9,69.95,10,11569.9
37,24560,python,corrective,2,5,medium,9,senior,7.3,high,11.45,56,77.29,4,9961.1
22,34191,java,preventive,7,6,medium,6,senior,1.32,high,40.08,27,86.72,7,13748.34
68,17912,dart,perfective,4,3,low,3,senior,6.8,medium,20.68,77,77.18,7,7354.66
20,38397,php,preventive,9,7,low,5,senior,8.42,low,19.97,99,77.65,0,15435.65
68,46796,javascript,corrective,1,3,medium,4,senior,2.28,medium,50.64,37,62.63,4,18761.08
64,49885,java,perfective,7,2,high,5,junior,8.66,high,67.19,15,76.06,9,19969.04
17,2705,php,perfective,6,6,high,8,expert,0.33,medium,91.16,20,90.59,0,1300.47
12,36995,javascript,adaptive,8,0,low,8,expert,9.13,low,50.22,91,96.61,0,14870.75
22,46340,php,adaptive,5,0,medium,6,junior,1.18,low,96.58,96,76.54,1,18574.88
17,23300,php,corrective,1,1,high,1,expert,6.46,high,94.16,5,76.94,1,9438.08
10,35220,python,perfective,1,4,medium,8,expert,2.5,medium,86.51,40,88.11,8,14152.94
65,38278,python,adaptive,9,5,high,8,senior,8.37,high,50.0,14,97.71,3,15377.85
22,21159,c#,corrective,10,7,low,2,senior,5.12,medium,14.09,2,70.68,2,8594.69
50,28109,python,corrective,6,4,high,4,senior,1.35,low,21.79,42,77.61,10,11364.4
14,28460,java,preventive,10,6,high,2,junior,5.71,medium,64.77,46,91.84,0,11485.51
64,11603,typescript,perfective,5,4,high,4,senior,4.08,medium,42.18,98,84.39,1,4865.28
47,22332,javascript,preventive,1,1,medium,7,expert,6.61,low,14.68,13,64.42,5,9074.62
29,26426,php,adaptive,6,4,medium,9,senior,8.82,low,47.9,65,85.11,8,10695.12
76,30954,javascript,corrective,6,7,high,8,senior,4.09,low,1.74,28,67.47,4,12500.02
36,14443,javascript,corrective,3,2,low,9,junior,2.9,low,73.39,3,80.41,3,5944.98
52,45072,python,corrective,8,1,medium,8,junior,0.15,medium,7.36,25,81.16,4,18063.97
76,49129,java,corrective,1,2,high,2,senior,5.75,high,62.91,11,95.05,8,19670.35
7,6790,java,corrective,1,6,high,7,junior,4.02,medium,79.3,1,78.5,6,2906.06
29,18240,java,corrective,6,1,high,2,senior,3.75,medium,13.26,16,71.18,7,7447.92
11,39013,php,adaptive,10,6,low,2,senior,1.83,medium,51.86,34,69.24,3,15655.8
33,42956,java,preventive,1,6,high,4,senior,4.3,medium,77.91,9,94.97,10,17209.42
6,45197,javascript,adaptive,6,4,high,1,senior,9.84,low,26.06,85,66.84,7,18113.44
79,41421,java,perfective,1,2,low,5,senior,2.98,medium,16.29,42,77.03,5,16640.07
32,3930,python,adaptive,6,6,medium,6,senior,6.0,medium,33.68,20,67.49,4,1796.56
51,19687,javascript,corrective,3,2,low,9,junior,7.76,low,55.47,14,90.93,6,8025.06
75,42030,python,corrective,8,2,medium,8,junior,7.49,high,57.53,34,78.97,5,16875.86
58,25104,python,corrective,6,1,high,2,junior,3.29,medium,13.09,84,74.05,2,10195.99
26,7714,python,corrective,1,3,medium,1,expert,6.11,medium,45.76,84,74.44,4,3307.76
46,13923,java,adaptive,5,4,high,2,junior,8.71,low,26.83,84,94.09,8,5765.79
29,34721,php,corrective,8,6,high,7,senior,0.15,medium,84.2,59,82.15,6,13972.47
4,11575,java,corrective,3,2,medium,4,expert,4.36,high,31.36,43,88.71,3,4807.03
13,11623,java,corrective,6,5,high,5,senior,2.24,low,83.87,95,95.88,6,4844.53
39,22047,c#,preventive,5,3,medium,7,junior,3.89,low,42.86,4,96.07,4,8948.0
15,25533,python,perfective,6,6,high,3,expert,4.16,medium,72.66,72,73.14,10,10340.29
29,24559,php,perfective,10,5,low,2,junior,7.47,low,51.01,17,98.1,1,9940.12
29,1267,javascript,corrective,1,4,high,7,senior,0.94,medium,62.2,20,61.0,5,744.08
75,30303,javascript,perfective,7,4,low,5,expert,5.13,medium,39.54,71,75.07,6,12253.74
32,9937,javascript,perfective,9,2,medium,1,senior,5.64,low,76.82,97,95.83,7,4187.71
2,47027,python,adaptive,2,2,high,1,senior,4.94,low,42.52,73,70.99,5,18830.31
47,37087,c#,preventive,10,7,medium,9,junior,7.32,medium,45.75,50,70.92,7,14915.73
78,19729,java,corrective,5,7,medium,5,senior,3.84,low,51.77,40,72.1,6,8067.15
22,40851,php,preventive,10,6,medium,1,senior,9.45,low,83.18,23,84.49,1,16380.62
75,32521,python,preventive,4,1,high,7,senior,4.82,high,65.94,23,77.53,5,13114.71
27,33907,javascript,corrective,6,3,low,9,expert,5.71,medium,34.92,95,89.07,8,13659.25
67,27955,javascript,adaptive,6,6,low,1,expert,8.26,medium,67.03,96,95.8,5,11325.15
56,38332,python,preventive,2,3,low,4,expert,2.75,low,64.24,37,86.97,3,15404.75
21,5435,java,corrective,2,2,medium,3,senior,0.75,medium,93.1,43,68.18,6,2392.92
47,20759,ruby,adaptive,4,4,low,5,senior,7.08,medium,84.14,56,97.31,2,8459.23
59,39410,php,preventive,1,2,medium,7,expert,4.83,high,64.74,58,70.58,4,15842.57
6,48205,java,adaptive,9,4,medium,8,expert,8.97,high,34.15,33,66.0,0,19287.09
19,40680,php,corrective,7,7,low,2,senior,9.83,low,77.96,74,63.6,9,16331.44
57,38688,kotlin,adaptive,7,6,medium,7,junior,3.99,medium,57.52,94,82.54,2,15565.15
69,13816,php,corrective,3,7,high,1,junior,4.15,medium,98.53,81,64.55,7,5740.62
3,36147,python,adaptive,3,4,low,7,senior,4.08,medium,24.75,22,65.55,8,14515.63
1,32071,ruby,corrective,1,2,medium,8,senior,3.25,high,7.97,85,72.0,8,12922.21
58,17908,java,adaptive,3,7,medium,2,expert,7.82,medium,6.99,42,71.27,9,7338.35
38,28132,dart,adaptive,3,0,medium,9,junior,7.59,low,64.0,81,84.17,1,11379.99
15,34949,javascript,perfective,4,3,high,1,junior,4.79,medium,93.93,39,92.67,3,14047.6
34,46045,python,adaptive,4,5,medium,6,senior,0.45,low,0.19,46,90.45,4,18444.4
61,6313,ruby,adaptive,3,4,medium,1,senior,3.1,high,72.58,40,70.5,2,2758.01
35,5404,java,adaptive,10,4,low,3,junior,2.92,medium,65.71,46,69.81,10,2387.23
64,10736,dart,corrective,8,0,medium,6,senior,8.11,medium,73.23,19,98.63,0,4494.44
25,609,dart,adaptive,8,6,medium,3,senior,0.88,low,35.54,76,60.33,5,500.0
24,19855,c#,corrective,1,6,low,8,senior,8.06,high,82.05,64,95.19,9,8092.98
12,24393,python,preventive,7,6,medium,5,senior,6.69,high,4.47,67,67.99,1,9889.4
18,30148,c#,corrective,2,5,high,2,senior,7.32,medium,75.54,23,97.89,8,12144.55
15,38492,python,adaptive,1,1,medium,4,senior,4.32,low,26.71,99,73.69,0,15471.76
27,1615,python,adaptive,3,0,medium,9,expert,6.8,medium,47.68,35,77.61,10,880.67
72,28312,php,adaptive,4,5,high,4,junior,6.09,low,82.26,44,88.28,8,11453.48
60,35561,java,corrective,6,7,high,8,expert,7.69,low,27.14,1,83.51,6,14300.49
46,9015,java,adaptive,10,0,medium,5,senior,4.47,low,18.52,27,72.72,10,3812.85
17,46918,kotlin,adaptive,5,4,high,1,expert,4.73,low,68.13,25,82.15,9,18775.89
53,47880,java,perfective,4,3,high,7,expert,6.44,medium,53.34,22,89.23,1,19171.79
8,24433,java,corrective,8,0,medium,3,senior,1.08,high,51.44,78,61.69,5,9907.65
79,4758,typescript,adaptive,4,1,medium,8,senior,4.36,medium,25.68,35,60.45,7,2152.01
27,20909,python,adaptive,10,2,medium,3,junior,9.72,low,3.49,90,78.32,1,8524.43
46,7570,php,adaptive,2,7,high,1,expert,0.38,medium,41.03,5,65.27,4,3237.53
50,7538,dart,adaptive,3,5,medium,5,senior,3.16,medium,10.66,34,86.57,10,3229.95
71,21768,typescript,adaptive,6,7,low,2,senior,3.14,low,90.6,37,68.56,5,8869.71
3,47140,c#,corrective,8,7,high,4,senior,6.33,high,4.13,34,77.31,2,18862.09
64,20984,java,corrective,8,0,medium,1,expert,1.06,medium,43.17,99,67.91,1,8576.94
44,18617,java,corrective,9,0,low,9,junior,6.29,high,5.22,73,81.94,10,7619.03
53,10944,php,corrective,7,1,medium,6,senior,0.95,medium,9.55,93,64.64,5,4602.09
24,40634,php,adaptive,2,3,medium,8,senior,0.95,medium,65.89,52,60.92,2,16310.41
60,9302,javascript,adaptive,8,0,high,4,senior,7.28,low,64.71,37,62.05,1,3940.02
3,984,java,corrective,7,0,low,9,senior,3.24,medium,3.31,92,98.17,0,634.65
20,1004,python,preventive,8,3,high,2,senior,9.77,low,0.11,58,65.69,7,646.46
46,41543,python,corrective,3,1,medium,9,senior,0.37,high,7.88,42,88.34,0,16670.74
15,48526,ruby,perfective,7,5,low,5,expert,4.45,high,76.3,3,62.72,4,19408.88
25,29789,javascript,adaptive,10,7,high,6,junior,1.13,high,58.46,4,64.33,10,12007.62
78,13363,typescript,corrective,9,5,medium,3,senior,3.51,high,3.81,67,80.36,5,5558.01
71,18984,ruby,corrective,3,0,low,4,junior,9.98,high,48.81,99,78.59,10,7785.89
17,33206,python,adaptive,10,3,medium,6,junior,8.89,low,71.2,44,98.06,2,13360.16
9,10460,c#,corrective,6,0,high,7,junior,0.48,medium,86.9,79,97.79,6,4377.5
38,39357,javascript,preventive,2,6,medium,1,senior,5.63,medium,93.4,24,91.18,1,15796.5
48,15706,javascript,adaptive,2,2,low,7,senior,6.48,medium,32.74,77,84.08,6,6471.87
60,24174,ruby,preventive,5,5,low,1,junior,2.1,high,13.58,10,78.2,1,9805.17
63,24124,php,corrective,5,6,low,5,junior,1.45,low,23.69,28,74.25,4,9792.98
2,4236,php,perfective,7,4,high,6,expert,9.04,low,77.62,33,97.88,6,1899.85
72,11516,java,adaptive,2,2,medium,2,junior,9.69,high,97.15,85,84.12,10,4829.22
11,5409,python,perfective,7,0,low,9,expert,9.92,medium,46.64,13,83.16,10,2364.23
64,32801,ruby,corrective,5,1,low,6,junior,7.9,low,30.54,23,69.28,2,13222.58
77,14056,python,adaptive,6,5,medium,7,senior,6.64,high,42.92,58,61.87,10,5832.16
72,48812,java,adaptive,8,4,high,8,senior,3.46,high,30.48,38,97.81,3,19551.85
21,39365,python,perfective,10,2,medium,1,expert,1.71,low,25.65,25,72.55,0,15796.5
18,35416,c#,corrective,4,5,high,8,senior,0.79,high,59.38,42,77.7,2,14238.24
64,45706,python,perfective,7,3,medium,4,senior,6.93,high,1.57,35,64.59,8,18326.68
38,17700,c#,corrective,6,1,low,8,junior,7.85,high,25.96,38,93.48,9,7240.13
32,22549,dart,perfective,10,2,high,6,senior,8.26,high,66.14,60,61.11,4,9169.07
11,5144,python,perfective,2,3,medium,9,senior,9.14,medium,3.21,15,93.36,7,2258.19
45,38344,python,perfective,8,6,high,4,junior,8.8,medium,8.32,58,65.61,1,15416.29
33,46143,java,adaptive,10,0,high,2,junior,10.0,low,29.34,95,95.46,2,18497.28
41,43383,php,adaptive,9,3,low,2,expert,2.44,low,87.78,5,89.19,6,17382.7
8,27257,java,preventive,5,2,low,5,junior,7.63,medium,76.49,97,66.59,9,11027.92
11,36787,java,corrective,10,7,high,9,senior,5.86,medium,2.22,55,82.63,3,14779.53
51,47798,python,adaptive,4,2,low,3,senior,2.61,low,50.17,7,72.51,8,19136.55
41,7839,php,adaptive,6,7,low,8,expert,9.82,medium,27.47,93,67.13,6,3368.54
17,15089,javascript,perfective,8,6,low,4,expert,8.98,low,64.86,26,94.37,10,6194.13
76,43725,php,corrective,3,0,low,6,expert,1.29,high,72.16,70,76.14,0,17559.06
46,29138,typescript,adaptive,10,7,high,6,junior,0.26,low,86.29,26,75.94,3,11765.61
32,32649,java,perfective,1,7,low,3,expert,6.88,medium,47.54,88,66.8,9,13167.37
79,37731,php,corrective,4,3,medium,5,junior,6.04,medium,99.45,45,75.32,10,15182.32
54,43544,python,preventive,4,3,medium,3,senior,9.36,low,98.0,40,94.86,5,17462.37
20,9027,php,corrective,1,0,medium,1,senior,2.34,high,88.22,78,74.53,5,3821.74
33,41948,c#,corrective,9,3,low,7,junior,0.84,medium,57.49,24,98.06,9,16815.22
74,24885,php,corrective,3,5,high,4,expert,2.59,medium,39.8,85,97.85,5,10111.22
40,38226,python,corrective,5,0,low,7,junior,0.19,low,36.44,17,65.8,4,15353.81
32,43408,python,preventive,6,1,high,3,senior,0.36,medium,1.21,11,67.09,2,17396.08
2,23528,java,corrective,8,7,high,5,senior,9.15,low,24.92,86,94.51,1,9542.52
33,19798,java,adaptive,6,2,medium,5,senior,3.52,medium,71.88,50,75.71,2,8076.02
77,20358,java,corrective,3,1,medium,2,junior,4.11,medium,60.36,38,60.17,8,8317.14
30,15854,java,adaptive,6,7,medium,2,senior,0.18,high,91.64,88,70.95,2,6529.04
33,44838,python,adaptive,1,5,medium,4,expert,2.71,medium,5.0,9,83.91,2,17957.08
77,1852,javascript,corrective,4,7,high,4,senior,8.05,low,15.53,93,91.97,0,1014.56
26,40364,php,corrective,6,7,high,4,senior,6.15,low,78.92,73,65.34,1,16210.41
22,12773,javascript,perfective,7,7,medium,6,junior,7.54,medium,35.85,97,64.42,10,5310.75
66,38041,python,corrective,10,6,medium,2,senior,4.47,low,11.83,76,96.88,2,15304.62
38,27298,javascript,adaptive,3,5,high,6,expert,3.1,low,99.65,53,90.05,1,11040.15
46,16381,python,corrective,9,4,high,7,senior,4.83,high,78.73,28,83.59,7,6722.15
15,13651,kotlin,perfective,7,4,medium,3,senior,3.23,low,40.87,40,90.77,5,5630.94
44,40249,python,corrective,1,4,medium,8,senior,8.39,high,82.33,8,77.15,6,16149.35
49,7549,ruby,adaptive,2,0,low,2,senior,2.98,low,68.06,62,90.34,0,3243.36
75,42889,kotlin,corrective,1,3,high,8,junior,6.6,high,79.0,76,74.87,5,17229.6
61,8617,php,preventive,9,5,low,5,junior,1.37,medium,81.52,36,69.76,1,3667.64
67,7541,c#,corrective,9,1,medium,2,senior,6.87,high,8.47,13,89.16,5,3232.74
6,26534,php,perfective,7,6,low,7,senior,9.13,low,62.3,100,76.79,2,10740.88
9,23986,dart,adaptive,10,1,low,2,senior,6.09,high,0.68,72,99.26,6,9720.5
6,10809,c#,corrective,3,1,medium,6,senior,5.6,high,4.35,71,73.98,2,4517.75
73,18315,javascript,perfective,5,1,high,3,senior,9.61,medium,90.4,38,96.87,8,7499.14
32,29520,c#,corrective,4,6,low,9,junior,6.27,medium,52.76,39,97.32,2,11909.14
41,32303,javascript,perfective,7,4,medium,3,expert,2.6,high,73.59,53,69.67,6,13023.62
76,42918,c#,preventive,9,1,low,3,senior,2.92,low,83.85,2,91.93,3,17214.41
8,5237,javascript,perfective,2,6,low,5,junior,7.05,medium,94.96,54,77.32,7,2309.65
72,5454,java,corrective,8,6,medium,7,junior,7.35,high,86.94,32,96.7,1,2415.16
50,43688,python,perfective,9,3,medium,8,expert,3.03,medium,48.33,95,78.0,7,17538.46
62,38260,python,adaptive,10,6,low,7,junior,3.45,low,33.6,70,89.77,8,15388.12
62,40411,java,perfective,10,4,medium,9,expert,9.91,medium,15.45,18,78.68,7,16224.55
7,49889,python,adaptive,9,1,low,5,junior,1.02,high,40.03,33,69.11,5,19951.56
75,20456,javascript,perfective,10,6,medium,3,expert,4.05,low,36.65,77,67.97,9,8365.25
4,22433,java,adaptive,7,0,high,6,expert,0.62,low,55.96,49,77.02,0,9103.33
6,20563,php,adaptive,9,6,high,5,senior,8.21,low,66.55,46,90.22,6,8360.21
58,37532,python,corrective,9,2,medium,4,junior,0.92,high,97.83,45,84.2,0,15093.19
22,27769,java,perfective,3,2,medium,2,junior,6.74,low,72.84,55,87.55,6,11219.14
26,8541,ruby,adaptive,4,2,high,7,senior,0.56,medium,64.37,56,71.29,1,3626.96
3,14988,javascript,adaptive,2,6,low,5,senior,6.73,medium,33.51,82,79.26,7,6169.33
41,6169,python,perfective,10,4,high,4,junior,8.43,high,3.45,50,61.78,1,2697.01
60,4900,php,adaptive,3,1,high,8,junior,3.99,high,28.81,53,92.7,2,2197.96
14,39637,php,corrective,5,5,low,9,senior,5.22,low,76.84,89,99.6,2,15914.18
75,37186,java,adaptive,5,5,low,9,senior,4.02,medium,20.53,80,76.28,0,14977.46
12,12615,java,adaptive,6,5,high,3,junior,3.0,high,71.22,27,60.44,4,5223.32
12,45602,dart,adaptive,7,4,medium,3,junior,8.03,low,57.98,18,66.79,4,18255.65
13,6854,c#,corrective,7,3,low,5,expert,2.72,low,17.19,26,86.1,9,2939.82
25,17744,javascript,corrective,1,7,low,5,senior,7.23,high,26.16,47,84.48,4,7257.13
45,24814,php,corrective,2,0,medium,2,senior,2.06,high,49.63,18,91.51,8,10049.25
19,40718,java,perfective,9,0,medium,1,senior,2.5,medium,41.84,96,70.16,5,16352.49
55,15783,javascript,corrective,10,2,high,8,junior,3.36,low,77.86,50,90.55,5,6495.71
45,6838,java,adaptive,2,2,high,3,senior,5.89,medium,73.44,6,87.52,2,2943.12
8,6690,php,preventive,6,6,low,1,senior,4.54,low,57.46,28,72.91,4,2877.19
53,12237,javascript,corrective,1,5,medium,1,expert,7.45,high,82.23,42,81.82,9,5092.26
55,23015,c#,adaptive,3,6,medium,2,senior,2.14,high,56.27,68,65.89,6,9365.22
32,24671,java,perfective,2,7,medium,6,junior,0.11,high,96.44,93,78.1,2,10014.41
51,46015,java,preventive,3,5,low,6,expert,7.77,low,21.72,57,95.25,1,18443.42
44,43279,javascript,perfective,5,2,high,3,senior,8.22,medium,71.41,7,76.85,4,17346.9
70,41840,ruby,perfective,10,1,high,4,expert,0.59,low,36.99,41,93.58,2,16797.62
18,18871,javascript,perfective,6,3,medium,2,expert,6.11,medium,27.9,75,83.61,4,7708.26
22,36634,python,adaptive,9,6,medium,2,junior,3.78,high,18.04,41,67.68,8,14722.61
37,34034,php,perfective,10,3,low,7,senior,7.94,low,55.25,12,83.24,10,13689.01
56,4788,python,corrective,4,3,medium,1,senior,8.74,medium,21.55,25,80.24,9,2144.79
59,10761,kotlin,preventive,7,3,medium,7,senior,8.51,medium,20.04,17,75.95,0,4506.69
3,29332,python,adaptive,6,2,medium,1,senior,7.77,high,99.05,41,64.79,3,11829.28
28,11914,c#,adaptive,2,0,high,6,expert,2.69,high,80.17,50,76.67,9,4956.51
74,24554,python,corrective,10,2,medium,3,senior,8.12,high,74.83,83,62.91,4,9988.22
35,22108,typescript,perfective,8,3,medium,8,junior,5.33,medium,79.41,15,63.95,1,8981.78
61,22569,javascript,corrective,7,2,high,6,junior,0.53,low,96.89,100,76.64,1,9200.16
54,46259,python,perfective,7,3,low,2,senior,4.57,medium,57.33,2,72.22,0,18529.51
63,38145,java,perfective,8,4,medium,8,junior,9.42,medium,22.02,90,97.02,7,15347.9
79,37268,python,corrective,1,5,medium,5,senior,8.88,medium,86.22,78,75.03,1,15011.26
7,23661,python,perfective,1,0,medium,8,senior,1.02,medium,74.27,97,90.31,2,9601.77
76,14316,typescript,perfective,8,4,high,8,senior,7.44,medium,41.43,44,81.21,1,5926.85
49,40349,javascript,adaptive,4,1,medium,6,junior,8.06,low,47.36,21,88.16,3,16193.22
31,39744,php,corrective,5,2,high,2,senior,2.71,low,41.13,22,70.4,0,15950.58
58,17507,c#,corrective,8,1,medium,8,junior,4.72,medium,92.99,58,97.68,2,7179.78
61,19377,c#,corrective,5,6,medium,6,senior,7.11,medium,34.35,61,81.2,4,7924.77
24,28293,python,corrective,10,2,high,6,senior,4.39,medium,96.35,67,93.25,9,11429.14
20,43528,java,preventive,4,7,low,8,senior,1.13,medium,91.03,53,74.6,0,17449.63
37,26929,php,corrective,6,7,low,1,senior,7.06,low,63.05,56,64.01,3,10900.65
4,47492,kotlin,perfective,5,5,medium,2,junior,9.12,high,57.98,22,86.95,5,18995.12
20,16882,java,corrective,7,4,low,9,senior,6.52,high,37.01,59,60.31,3,6923.77
60,24224,java,adaptive,10,5,low,8,junior,7.74,medium,1.83,72,79.01,6,9843.55
24,23921,javascript,perfective,7,6,medium,7,senior,3.58,medium,12.76,87,67.71,6,9714.15
50,11088,dart,perfective,4,3,medium,7,junior,1.83,medium,75.42,84,85.1,5,4649.88
49,23174,java,corrective,5,5,medium,5,senior,6.43,high,47.15,54,99.18,8,9412.58
51,5840,javascript,adaptive,3,5,high,2,expert,3.28,high,14.98,79,78.58,1,2576.91
36,43821,php,adaptive,4,7,medium,6,senior,8.6,medium,26.4,62,92.7,9,17570.15
66,11078,python,corrective,4,3,high,3,senior,1.23,medium,94.78,55,80.31,7,4645.17
79,45762,python,corrective,3,7,low,4,senior,4.33,medium,36.71,54,79.83,7,18358.47
34,19862,c#,adaptive,10,2,medium,2,junior,3.97,medium,90.77,24,97.22,10,8087.2
36,5032,typescript,adaptive,5,3,high,2,expert,9.38,medium,30.46,25,95.6,9,2228.1
6,30321,java,perfective,5,4,medium,8,junior,1.53,medium,54.32,48,91.43,10,12216.35
